Running comprehensive pre-flight checks...
============================================================

1. Checking game configuration...

3. Checking scene files...

3.5. Checking scene coordinate consistency...

5. Reports development environment and platform information...
  ✅ Validation passed

6. Validates game assets including sprites, audio, backgrounds, and media files...
  ⚠️  1 warning(s) found

7. Scans for security issues including exposed secrets and sensitive data...
  ✅ Validation passed

8. Validates rendering settings, player sprites, UI scaling, and graphics configuration...
  ⚠️  1 warning(s) found

9. Analyzes performance considerations and provides optimization recommendations...
  ✅ Validation passed

============================================================
VALIDATION SUMMARY
============================================================
✅ PRE-FLIGHT CHECK PASSED

Issue Summary:
  Errors: 0
  Warnings: 2
  Security Issues: 0
  Performance Hints: 8
  Total Issues: 2

⚠️  WARNINGS:
  - Shaders enabled but shader files not found
  - No animations defined for player sprite

💡 PERFORMANCE HINTS:
  - Player sprite frame dimensions are not power-of-2 (56x56) - may impact GPU performance
  - Shaders enabled - ensure adequate GPU performance for target platforms
  - General optimization recommendations:
  -   - Consider texture compression for mobile platforms
  -   - Implement level-of-detail (LOD) for complex scenes
  -   - Use object pooling for frequently created/destroyed objects
  -   - Implement frustum culling for large scenes
  -   - Consider audio compression and streaming for large audio files

ℹ️  INFORMATION:
  - ✓ Configuration loaded successfully
  - ✓ All assets validated
  - ✓ 3 scene(s) validated
  - Running on Crystal 1.16.3
  - Build mode: Debug
  ... and 26 more info messages

============================================================
🎉 Your game configuration looks good! You can proceed with development.
💡 Consider reviewing the performance hints for optimization opportunities.
============================================================
[2025-06-28 22:58:44] INFO    InputManager initialized
[2025-06-28 22:58:44] INFO    RenderManager initialized
SimpleResourceManager initialized
INFO: Initializing raylib 5.5
INFO: Platform backend: DESKTOP (GLFW)
INFO: Supported raylib modules:
INFO:     > rcore:..... loaded (mandatory)
INFO:     > rlgl:...... loaded (mandatory)
INFO:     > rshapes:... loaded (optional)
INFO:     > rtextures:. loaded (optional)
INFO:     > rtext:..... loaded (optional)
INFO:     > rmodels:... loaded (optional)
INFO:     > raudio:.... loaded (optional)
INFO: DISPLAY: Device initialized successfully
INFO:     > Display size: 1512 x 982
INFO:     > Screen size:  1024 x 768
INFO:     > Render size:  1024 x 768
INFO:     > Viewport offsets: 0, 0
INFO: GLAD: OpenGL extensions loaded successfully
INFO: GL: Supported extensions count: 43
INFO: GL: OpenGL device information:
INFO:     > Vendor:   Apple
INFO:     > Renderer: Apple M4 Pro
INFO:     > Version:  4.1 Metal - 89.4
INFO:     > GLSL:     4.10
INFO: GL: VAO extension detected, VAO functions loaded successfully
INFO: GL: NPOT textures extension detected, full NPOT textures supported
INFO: GL: DXT compressed textures supported
INFO: PLATFORM: DESKTOP (GLFW - Cocoa): Initialized successfully
INFO: TEXTURE: [ID 1] Texture loaded successfully (1x1 | R8G8B8A8 | 1 mipmaps)
INFO: TEXTURE: [ID 1] Default texture loaded successfully
INFO: SHADER: [ID 1] Vertex shader compiled successfully
INFO: SHADER: [ID 2] Fragment shader compiled successfully
INFO: SHADER: [ID 3] Program shader loaded successfully
INFO: SHADER: [ID 3] Default shader loaded successfully
INFO: RLGL: Render batch vertex buffers loaded successfully in RAM (CPU)
INFO: RLGL: Render batch vertex buffers loaded successfully in VRAM (GPU)
INFO: RLGL: Default OpenGL state initialized successfully
INFO: TEXTURE: [ID 2] Texture loaded successfully (128x128 | GRAY_ALPHA | 1 mipmaps)
INFO: FONT: Default font loaded successfully (224 glyphs)
INFO: SYSTEM: Working Directory: /Users/remy/dev/point_click_engine
INFO: TIMER: Target time per frame: 16.667 milliseconds
INFO: TEXTURE: [ID 3] Texture loaded successfully (1024x768 | R8G8B8A8 | 1 mipmaps)
INFO: TEXTURE: [ID 1] Depth renderbuffer loaded successfully (32 bits)
INFO: FBO: [ID 1] Framebuffer object created successfully
INFO: TEXTURE: [ID 4] Texture loaded successfully (1024x768 | R8G8B8A8 | 1 mipmaps)
INFO: TEXTURE: [ID 2] Depth renderbuffer loaded successfully (32 bits)
INFO: FBO: [ID 2] Framebuffer object created successfully
INFO: AUDIO: Device initialized successfully
INFO:     > Backend:       miniaudio | Core Audio
INFO:     > Format:        32-bit IEEE Floating Point -> 32-bit IEEE Floating Point
INFO:     > Channels:      2 -> 2
INFO:     > Sample rate:   48000 -> 48000
INFO:     > Periods size:  1440
[2025-06-28 22:58:44] INFO    ConfigManager initialized
Script engine initialized successfully
INFO: SHADER: [ID 4] Vertex shader compiled successfully
INFO: SHADER: [ID 5] Fragment shader compiled successfully
INFO: SHADER: [ID 6] Program shader loaded successfully
INFO: SHADER: [ID 4] Vertex shader compiled successfully
INFO: SHADER: [ID 5] Fragment shader compiled successfully
INFO: SHADER: [ID 7] Program shader loaded successfully
Auto-save enabled with interval: 300.0 seconds
INFO: FILEIO: [crystal_mystery/assets/sprites/player.png] File loaded successfully
INFO: IMAGE: Data loaded successfully (448x392 | R8G8B8A8 | 1 mipmaps)
INFO: TEXTURE: [ID 5] Texture loaded successfully (448x392 | R8G8B8A8 | 1 mipmaps)
Auto-save enabled with interval: 300.0 seconds
INFO: FILEIO: [crystal_mystery/assets/backgrounds/laboratory.png] File loaded successfully
INFO: IMAGE: Data loaded successfully (320x180 | R8G8B8A8 | 1 mipmaps)
INFO: TEXTURE: [ID 6] Texture loaded successfully (320x180 | R8G8B8A8 | 1 mipmaps)
INFO: FILEIO: [crystal_mystery/assets/sprites/scientist.png] File loaded successfully
INFO: IMAGE: Data loaded successfully (600x100 | R8G8B8A8 | 1 mipmaps)
INFO: TEXTURE: [ID 7] Texture loaded successfully (600x100 | R8G8B8A8 | 1 mipmaps)
[36m⏳ Loading scene 'laboratory.yaml'...[0m[32m ✓[0m
INFO: FILEIO: [crystal_mystery/assets/backgrounds/garden.png] File loaded successfully
INFO: IMAGE: Data loaded successfully (320x180 | R8G8B8 | 1 mipmaps)
INFO: TEXTURE: [ID 8] Texture loaded successfully (320x180 | R8G8B8 | 1 mipmaps)
INFO: SHADER: [ID 4] Vertex shader compiled successfully
INFO: SHADER: [ID 5] Fragment shader compiled successfully
INFO: SHADER: [ID 8] Program shader loaded successfully
[36m⏳ Loading scene 'garden.yaml'...[0m[ShaderEffect] Successfully loaded shader for PointClickEngine::Graphics::Effects::SceneEffects::RainShader
INFO: TEXTURE: [ID 9] Texture loaded successfully (1024x768 | R8G8B8A8 | 1 mipmaps)
INFO: TEXTURE: [ID 3] Depth renderbuffer loaded successfully (32 bits)
INFO: FBO: [ID 3] Framebuffer object created successfully
[32m ✓[0m
INFO: FILEIO: [crystal_mystery/assets/backgrounds/library.png] File loaded successfully
INFO: IMAGE: Data loaded successfully (320x180 | R8G8B8A8 | 1 mipmaps)
INFO: TEXTURE: [ID 10] Texture loaded successfully (320x180 | R8G8B8A8 | 1 mipmaps)
INFO: FILEIO: [crystal_mystery/assets/sprites/butler.png] File loaded successfully
INFO: IMAGE: Data loaded successfully (600x100 | R8G8B8A8 | 1 mipmaps)
INFO: TEXTURE: [ID 11] Texture loaded successfully (600x100 | R8G8B8A8 | 1 mipmaps)
[36m⏳ Loading scene 'library.yaml'...[0m[32m ✓[0m
[36m⏳ Loading dialog 'butler_dialog.yaml'...[0mLoaded dialog tree 'butler' with 40 nodes
[32m ✓[0m
[36m⏳ Loading dialog 'scientist_dialog.yaml'...[0mLoaded dialog tree 'scientist' with 15 nodes
[32m ✓[0m
[36m⏳ Loading quests 'main_quests.yaml'...[0m[32m ✓[0m
INFO: STREAM: Initialized successfully (48000 Hz, 16 bit, Stereo)
INFO: FILEIO: [crystal_mystery/assets/music/main_theme.ogg] Music file loaded successfully
INFO:     > Sample rate:   48000 Hz
INFO:     > Sample size:   16 bits
INFO:     > Channels:      2 (Stereo)
INFO:     > Total frames:  3012951
INFO: STREAM: Initialized successfully (48000 Hz, 16 bit, Stereo)
INFO: FILEIO: [crystal_mystery/assets/music/garden_theme.ogg] Music file loaded successfully
INFO:     > Sample rate:   48000 Hz
INFO:     > Sample size:   16 bits
INFO:     > Channels:      2 (Stereo)
INFO:     > Total frames:  362650
INFO: STREAM: Initialized successfully (48000 Hz, 16 bit, Stereo)
INFO: FILEIO: [crystal_mystery/assets/sounds/music/castle_ambient.ogg] Music file loaded successfully
INFO:     > Sample rate:   48000 Hz
INFO:     > Sample size:   16 bits
INFO:     > Channels:      2 (Stereo)
INFO:     > Total frames:  362650
INFO: FILEIO: [crystal_mystery/assets/sounds/effects/click.ogg] File loaded successfully
INFO: WAVE: Data loaded successfully (48000 Hz, 16 bit, 2 channels)
INFO: FILEIO: [crystal_mystery/assets/sounds/effects/door_open.ogg] File loaded successfully
INFO: WAVE: Data loaded successfully (48000 Hz, 16 bit, 2 channels)
INFO: FILEIO: [crystal_mystery/assets/sounds/effects/footsteps.ogg] File loaded successfully
INFO: WAVE: Data loaded successfully (44100 Hz, 16 bit, 1 channels)
INFO: FILEIO: [crystal_mystery/assets/sounds/effects/pickup.ogg] File loaded successfully
INFO: WAVE: Data loaded successfully (44100 Hz, 16 bit, 1 channels)
INFO: FILEIO: [crystal_mystery/assets/sounds/effects/success.ogg] File loaded successfully
WARNING: WAVE: Failed to load OGG data
INFO: WAVE: Data loaded successfully (0 Hz, 0 bit, 0 channels)
[DEBUG] Setting up game:new event handler
[Engine] Starting new game
[Engine] Triggering game:new event
[EventSystem] Triggering event: game:new, handlers: 1
[Engine] Event triggered
[Engine] Changing to start scene: garden
[Engine] Changing scene to: garden
[Engine] Scene changed successfully
[Engine] Transferred 1 scene effects to effect manager
[Engine] Scene dimensions: 320x180
[Engine] Assigning pending player to scene
[Engine] Current scene player: exists
[Engine] Starting new game
[Engine] Triggering game:new event
[EventSystem] Triggering event: game:new, handlers: 1
[Engine] Event triggered
[Engine] Changing to start scene: garden
[Engine] Changing scene to: garden
[Engine] Scene changed successfully
[Engine] Transferred 1 scene effects to effect manager
[Engine] Scene dimensions: 320x180
[Engine] Transferring current player to new scene
[Engine] Current scene player: exists
[DEBUG] game:new event triggered!
[Engine] Changing scene to: garden
[Engine] Scene changed successfully
[Engine] Transferred 1 scene effects to effect manager
[Engine] Scene dimensions: 320x180
[Engine] Transferring current player to new scene
[Engine] Current scene player: exists
[Engine] Playing start music: castle_ambient
[Engine] Music play command sent
FloatingDialogManager.show_dialog called: , You arrive at the mysterious mansion to investigate the missing crystal...
Game started
[DEBUG] game:new event triggered!
[Engine] Changing scene to: garden
[Engine] Scene changed successfully
[Engine] Transferred 1 scene effects to effect manager
[Engine] Scene dimensions: 320x180
[Engine] Transferring current player to new scene
[Engine] Current scene player: exists
[Engine] Playing start music: castle_ambient
[Engine] Music play command sent
FloatingDialogManager.show_dialog called: , You arrive at the mysterious mansion to investigate the missing crystal...
Game started
[Engine] Found rain effect, checking if it supports render_scene_with_rain
[Engine] Calling render_scene_with_rain
[RainShader] render_scene_with_rain called
[RainShader] Rendering scene to texture
[RainShader] Applying rain shader
[RainShader] Setting uniforms
[RainShader] Drawing texture with shader
[RainShader] Ending shader mode
[RainShader] Rain rendering complete
[Engine] Found rain effect, checking if it supports render_scene_with_rain
[Engine] Calling render_scene_with_rain
[RainShader] render_scene_with_rain called
[RainShader] Rendering scene to texture
[RainShader] Applying rain shader
[RainShader] Setting uniforms
[RainShader] Drawing texture with shader
[RainShader] Ending shader mode
[RainShader] Rain rendering complete
[Engine] Found rain effect, checking if it supports render_scene_with_rain
[Engine] Calling render_scene_with_rain
[RainShader] render_scene_with_rain called
[RainShader] Rendering scene to texture
[RainShader] Applying rain shader
[RainShader] Setting uniforms
[RainShader] Drawing texture with shader
[RainShader] Ending shader mode
[RainShader] Rain rendering complete
[Engine] Found rain effect, checking if it supports render_scene_with_rain
[Engine] Calling render_scene_with_rain
[RainShader] render_scene_with_rain called
[RainShader] Rendering scene to texture
[RainShader] Applying rain shader
[RainShader] Setting uniforms
[RainShader] Drawing texture with shader
[RainShader] Ending shader mode
[RainShader] Rain rendering complete
[Engine] Found rain effect, checking if it supports render_scene_with_rain
[Engine] Calling render_scene_with_rain
[RainShader] render_scene_with_rain called
[RainShader] Rendering scene to texture
[RainShader] Applying rain shader
[RainShader] Setting uniforms
[RainShader] Drawing texture with shader
[RainShader] Ending shader mode
[RainShader] Rain rendering complete
[Engine] Found rain effect, checking if it supports render_scene_with_rain
[Engine] Calling render_scene_with_rain
[RainShader] render_scene_with_rain called
[RainShader] Rendering scene to texture
[RainShader] Applying rain shader
[RainShader] Setting uniforms
[RainShader] Drawing texture with shader
[RainShader] Ending shader mode
[RainShader] Rain rendering complete
[Engine] Found rain effect, checking if it supports render_scene_with_rain
[Engine] Calling render_scene_with_rain
[RainShader] render_scene_with_rain called
[RainShader] Rendering scene to texture
[RainShader] Applying rain shader
[RainShader] Setting uniforms
[RainShader] Drawing texture with shader
[RainShader] Ending shader mode
[RainShader] Rain rendering complete
[Engine] Found rain effect, checking if it supports render_scene_with_rain
[Engine] Calling render_scene_with_rain
[RainShader] render_scene_with_rain called
[RainShader] Rendering scene to texture
[RainShader] Applying rain shader
[RainShader] Setting uniforms
[RainShader] Drawing texture with shader
[RainShader] Ending shader mode
[RainShader] Rain rendering complete
[Engine] Found rain effect, checking if it supports render_scene_with_rain
[Engine] Calling render_scene_with_rain
[RainShader] render_scene_with_rain called
[RainShader] Rendering scene to texture
[RainShader] Applying rain shader
[RainShader] Setting uniforms
[RainShader] Drawing texture with shader
[RainShader] Ending shader mode
[RainShader] Rain rendering complete
[Engine] Found rain effect, checking if it supports render_scene_with_rain
[Engine] Calling render_scene_with_rain
[RainShader] render_scene_with_rain called
[RainShader] Rendering scene to texture
[RainShader] Applying rain shader
[RainShader] Setting uniforms
[RainShader] Drawing texture with shader
[RainShader] Ending shader mode
[RainShader] Rain rendering complete
[Engine] Found rain effect, checking if it supports render_scene_with_rain
[Engine] Calling render_scene_with_rain
[RainShader] render_scene_with_rain called
[RainShader] Rendering scene to texture
[RainShader] Applying rain shader
[RainShader] Setting uniforms
[RainShader] Drawing texture with shader
[RainShader] Ending shader mode
[RainShader] Rain rendering complete
[Engine] Found rain effect, checking if it supports render_scene_with_rain
[Engine] Calling render_scene_with_rain
[RainShader] render_scene_with_rain called
[RainShader] Rendering scene to texture
[RainShader] Applying rain shader
[RainShader] Setting uniforms
[RainShader] Drawing texture with shader
[RainShader] Ending shader mode
[RainShader] Rain rendering complete
[Engine] Found rain effect, checking if it supports render_scene_with_rain
[Engine] Calling render_scene_with_rain
[RainShader] render_scene_with_rain called
[RainShader] Rendering scene to texture
[RainShader] Applying rain shader
[RainShader] Setting uniforms
[RainShader] Drawing texture with shader
[RainShader] Ending shader mode
[RainShader] Rain rendering complete
[Engine] Found rain effect, checking if it supports render_scene_with_rain
[Engine] Calling render_scene_with_rain
[RainShader] render_scene_with_rain called
[RainShader] Rendering scene to texture
[RainShader] Applying rain shader
[RainShader] Setting uniforms
[RainShader] Drawing texture with shader
[RainShader] Ending shader mode
[RainShader] Rain rendering complete
[Engine] Found rain effect, checking if it supports render_scene_with_rain
[Engine] Calling render_scene_with_rain
[RainShader] render_scene_with_rain called
[RainShader] Rendering scene to texture
[RainShader] Applying rain shader
[RainShader] Setting uniforms
[RainShader] Drawing texture with shader
[RainShader] Ending shader mode
[RainShader] Rain rendering complete
[Engine] Found rain effect, checking if it supports render_scene_with_rain
[Engine] Calling render_scene_with_rain
[RainShader] render_scene_with_rain called
[RainShader] Rendering scene to texture
[RainShader] Applying rain shader
[RainShader] Setting uniforms
[RainShader] Drawing texture with shader
[RainShader] Ending shader mode
[RainShader] Rain rendering complete
[Engine] Found rain effect, checking if it supports render_scene_with_rain
[Engine] Calling render_scene_with_rain
[RainShader] render_scene_with_rain called
[RainShader] Rendering scene to texture
[RainShader] Applying rain shader
[RainShader] Setting uniforms
[RainShader] Drawing texture with shader
[RainShader] Ending shader mode
[RainShader] Rain rendering complete
[Engine] Found rain effect, checking if it supports render_scene_with_rain
[Engine] Calling render_scene_with_rain
[RainShader] render_scene_with_rain called
[RainShader] Rendering scene to texture
[RainShader] Applying rain shader
[RainShader] Setting uniforms
[RainShader] Drawing texture with shader
[RainShader] Ending shader mode
[RainShader] Rain rendering complete
[Engine] Found rain effect, checking if it supports render_scene_with_rain
[Engine] Calling render_scene_with_rain
[RainShader] render_scene_with_rain called
[RainShader] Rendering scene to texture
[RainShader] Applying rain shader
[RainShader] Setting uniforms
[RainShader] Drawing texture with shader
[RainShader] Ending shader mode
[RainShader] Rain rendering complete
[Engine] Found rain effect, checking if it supports render_scene_with_rain
[Engine] Calling render_scene_with_rain
[RainShader] render_scene_with_rain called
[RainShader] Rendering scene to texture
[RainShader] Applying rain shader
[RainShader] Setting uniforms
[RainShader] Drawing texture with shader
[RainShader] Ending shader mode
[RainShader] Rain rendering complete
[Engine] Found rain effect, checking if it supports render_scene_with_rain
[Engine] Calling render_scene_with_rain
[RainShader] render_scene_with_rain called
[RainShader] Rendering scene to texture
[RainShader] Applying rain shader
[RainShader] Setting uniforms
[RainShader] Drawing texture with shader
[RainShader] Ending shader mode
[RainShader] Rain rendering complete
[Engine] Found rain effect, checking if it supports render_scene_with_rain
[Engine] Calling render_scene_with_rain
[RainShader] render_scene_with_rain called
[RainShader] Rendering scene to texture
[RainShader] Applying rain shader
[RainShader] Setting uniforms
[RainShader] Drawing texture with shader
[RainShader] Ending shader mode
[RainShader] Rain rendering complete
[Engine] Found rain effect, checking if it supports render_scene_with_rain
[Engine] Calling render_scene_with_rain
[RainShader] render_scene_with_rain called
[RainShader] Rendering scene to texture
[RainShader] Applying rain shader
[RainShader] Setting uniforms
[RainShader] Drawing texture with shader
[RainShader] Ending shader mode
[RainShader] Rain rendering complete
[Engine] Found rain effect, checking if it supports render_scene_with_rain
[Engine] Calling render_scene_with_rain
[RainShader] render_scene_with_rain called
[RainShader] Rendering scene to texture
[RainShader] Applying rain shader
[RainShader] Setting uniforms
[RainShader] Drawing texture with shader
[RainShader] Ending shader mode
[RainShader] Rain rendering complete
[Engine] Found rain effect, checking if it supports render_scene_with_rain
[Engine] Calling render_scene_with_rain
[RainShader] render_scene_with_rain called
[RainShader] Rendering scene to texture
[RainShader] Applying rain shader
[RainShader] Setting uniforms
[RainShader] Drawing texture with shader
[RainShader] Ending shader mode
[RainShader] Rain rendering complete
[Engine] Found rain effect, checking if it supports render_scene_with_rain
[Engine] Calling render_scene_with_rain
[RainShader] render_scene_with_rain called
[RainShader] Rendering scene to texture
[RainShader] Applying rain shader
[RainShader] Setting uniforms
[RainShader] Drawing texture with shader
[RainShader] Ending shader mode
[RainShader] Rain rendering complete
[Engine] Found rain effect, checking if it supports render_scene_with_rain
[Engine] Calling render_scene_with_rain
[RainShader] render_scene_with_rain called
[RainShader] Rendering scene to texture
[RainShader] Applying rain shader
[RainShader] Setting uniforms
[RainShader] Drawing texture with shader
[RainShader] Ending shader mode
[RainShader] Rain rendering complete
[Engine] Found rain effect, checking if it supports render_scene_with_rain
[Engine] Calling render_scene_with_rain
[RainShader] render_scene_with_rain called
[RainShader] Rendering scene to texture
[RainShader] Applying rain shader
[RainShader] Setting uniforms
[RainShader] Drawing texture with shader
[RainShader] Ending shader mode
[RainShader] Rain rendering complete
[Engine] Found rain effect, checking if it supports render_scene_with_rain
[Engine] Calling render_scene_with_rain
[RainShader] render_scene_with_rain called
[RainShader] Rendering scene to texture
[RainShader] Applying rain shader
[RainShader] Setting uniforms
[RainShader] Drawing texture with shader
[RainShader] Ending shader mode
[RainShader] Rain rendering complete
[Engine] Found rain effect, checking if it supports render_scene_with_rain
[Engine] Calling render_scene_with_rain
[RainShader] render_scene_with_rain called
[RainShader] Rendering scene to texture
[RainShader] Applying rain shader
[RainShader] Setting uniforms
[RainShader] Drawing texture with shader
[RainShader] Ending shader mode
[RainShader] Rain rendering complete
[Engine] Found rain effect, checking if it supports render_scene_with_rain
[Engine] Calling render_scene_with_rain
[RainShader] render_scene_with_rain called
[RainShader] Rendering scene to texture
[RainShader] Applying rain shader
[RainShader] Setting uniforms
[RainShader] Drawing texture with shader
[RainShader] Ending shader mode
[RainShader] Rain rendering complete
[Engine] Found rain effect, checking if it supports render_scene_with_rain
[Engine] Calling render_scene_with_rain
[RainShader] render_scene_with_rain called
[RainShader] Rendering scene to texture
[RainShader] Applying rain shader
[RainShader] Setting uniforms
[RainShader] Drawing texture with shader
[RainShader] Ending shader mode
[RainShader] Rain rendering complete
[Engine] Found rain effect, checking if it supports render_scene_with_rain
[Engine] Calling render_scene_with_rain
[RainShader] render_scene_with_rain called
[RainShader] Rendering scene to texture
[RainShader] Applying rain shader
[RainShader] Setting uniforms
[RainShader] Drawing texture with shader
[RainShader] Ending shader mode
[RainShader] Rain rendering complete
[Engine] Found rain effect, checking if it supports render_scene_with_rain
[Engine] Calling render_scene_with_rain
[RainShader] render_scene_with_rain called
[RainShader] Rendering scene to texture
[RainShader] Applying rain shader
[RainShader] Setting uniforms
[RainShader] Drawing texture with shader
[RainShader] Ending shader mode
[RainShader] Rain rendering complete
[Engine] Found rain effect, checking if it supports render_scene_with_rain
[Engine] Calling render_scene_with_rain
[RainShader] render_scene_with_rain called
[RainShader] Rendering scene to texture
[RainShader] Applying rain shader
[RainShader] Setting uniforms
[RainShader] Drawing texture with shader
[RainShader] Ending shader mode
[RainShader] Rain rendering complete
[Engine] Found rain effect, checking if it supports render_scene_with_rain
[Engine] Calling render_scene_with_rain
[RainShader] render_scene_with_rain called
[RainShader] Rendering scene to texture
[RainShader] Applying rain shader
[RainShader] Setting uniforms
[RainShader] Drawing texture with shader
[RainShader] Ending shader mode
[RainShader] Rain rendering complete
[Engine] Found rain effect, checking if it supports render_scene_with_rain
[Engine] Calling render_scene_with_rain
[RainShader] render_scene_with_rain called
[RainShader] Rendering scene to texture
[RainShader] Applying rain shader
[RainShader] Setting uniforms
[RainShader] Drawing texture with shader
[RainShader] Ending shader mode
[RainShader] Rain rendering complete
[Engine] Found rain effect, checking if it supports render_scene_with_rain
[Engine] Calling render_scene_with_rain
[RainShader] render_scene_with_rain called
[RainShader] Rendering scene to texture
[RainShader] Applying rain shader
[RainShader] Setting uniforms
[RainShader] Drawing texture with shader
[RainShader] Ending shader mode
[RainShader] Rain rendering complete
[Engine] Found rain effect, checking if it supports render_scene_with_rain
[Engine] Calling render_scene_with_rain
[RainShader] render_scene_with_rain called
[RainShader] Rendering scene to texture
[RainShader] Applying rain shader
[RainShader] Setting uniforms
[RainShader] Drawing texture with shader
[RainShader] Ending shader mode
[RainShader] Rain rendering complete
[Engine] Found rain effect, checking if it supports render_scene_with_rain
[Engine] Calling render_scene_with_rain
[RainShader] render_scene_with_rain called
[RainShader] Rendering scene to texture
[RainShader] Applying rain shader
[RainShader] Setting uniforms
[RainShader] Drawing texture with shader
[RainShader] Ending shader mode
[RainShader] Rain rendering complete
[Engine] Found rain effect, checking if it supports render_scene_with_rain
[Engine] Calling render_scene_with_rain
[RainShader] render_scene_with_rain called
[RainShader] Rendering scene to texture
[RainShader] Applying rain shader
[RainShader] Setting uniforms
[RainShader] Drawing texture with shader
[RainShader] Ending shader mode
[RainShader] Rain rendering complete
[Engine] Found rain effect, checking if it supports render_scene_with_rain
[Engine] Calling render_scene_with_rain
[RainShader] render_scene_with_rain called
[RainShader] Rendering scene to texture
[RainShader] Applying rain shader
[RainShader] Setting uniforms
[RainShader] Drawing texture with shader
[RainShader] Ending shader mode
[RainShader] Rain rendering complete
[Engine] Found rain effect, checking if it supports render_scene_with_rain
[Engine] Calling render_scene_with_rain
[RainShader] render_scene_with_rain called
[RainShader] Rendering scene to texture
[RainShader] Applying rain shader
[RainShader] Setting uniforms
[RainShader] Drawing texture with shader
[RainShader] Ending shader mode
[RainShader] Rain rendering complete
[Engine] Found rain effect, checking if it supports render_scene_with_rain
[Engine] Calling render_scene_with_rain
[RainShader] render_scene_with_rain called
[RainShader] Rendering scene to texture
[RainShader] Applying rain shader
[RainShader] Setting uniforms
[RainShader] Drawing texture with shader
[RainShader] Ending shader mode
[RainShader] Rain rendering complete
[Engine] Found rain effect, checking if it supports render_scene_with_rain
[Engine] Calling render_scene_with_rain
[RainShader] render_scene_with_rain called
[RainShader] Rendering scene to texture
[RainShader] Applying rain shader
[RainShader] Setting uniforms
[RainShader] Drawing texture with shader
[RainShader] Ending shader mode
[RainShader] Rain rendering complete
[Engine] Found rain effect, checking if it supports render_scene_with_rain
[Engine] Calling render_scene_with_rain
[RainShader] render_scene_with_rain called
[RainShader] Rendering scene to texture
[RainShader] Applying rain shader
[RainShader] Setting uniforms
[RainShader] Drawing texture with shader
[RainShader] Ending shader mode
[RainShader] Rain rendering complete
[Engine] Found rain effect, checking if it supports render_scene_with_rain
[Engine] Calling render_scene_with_rain
[RainShader] render_scene_with_rain called
[RainShader] Rendering scene to texture
[RainShader] Applying rain shader
[RainShader] Setting uniforms
[RainShader] Drawing texture with shader
[RainShader] Ending shader mode
[RainShader] Rain rendering complete
[Engine] Found rain effect, checking if it supports render_scene_with_rain
[Engine] Calling render_scene_with_rain
[RainShader] render_scene_with_rain called
[RainShader] Rendering scene to texture
[RainShader] Applying rain shader
[RainShader] Setting uniforms
[RainShader] Drawing texture with shader
[RainShader] Ending shader mode
[RainShader] Rain rendering complete
[Engine] Found rain effect, checking if it supports render_scene_with_rain
[Engine] Calling render_scene_with_rain
[RainShader] render_scene_with_rain called
[RainShader] Rendering scene to texture
[RainShader] Applying rain shader
[RainShader] Setting uniforms
[RainShader] Drawing texture with shader
[RainShader] Ending shader mode
[RainShader] Rain rendering complete
[Engine] Found rain effect, checking if it supports render_scene_with_rain
[Engine] Calling render_scene_with_rain
[RainShader] render_scene_with_rain called
[RainShader] Rendering scene to texture
[RainShader] Applying rain shader
[RainShader] Setting uniforms
[RainShader] Drawing texture with shader
[RainShader] Ending shader mode
[RainShader] Rain rendering complete
[VerbInput] handle_walk_to - player type: PointClickEngine::Characters::Player
[VerbInput] Player responds to handle_click, calling it
[Engine] Found rain effect, checking if it supports render_scene_with_rain
[Engine] Calling render_scene_with_rain
[RainShader] render_scene_with_rain called
[RainShader] Rendering scene to texture
[RainShader] Applying rain shader
[RainShader] Setting uniforms
[RainShader] Drawing texture with shader
[RainShader] Ending shader mode
[RainShader] Rain rendering complete
[Engine] Found rain effect, checking if it supports render_scene_with_rain
[Engine] Calling render_scene_with_rain
[RainShader] render_scene_with_rain called
[RainShader] Rendering scene to texture
[RainShader] Applying rain shader
[RainShader] Setting uniforms
[RainShader] Drawing texture with shader
[RainShader] Ending shader mode
[RainShader] Rain rendering complete
[Engine] Found rain effect, checking if it supports render_scene_with_rain
[Engine] Calling render_scene_with_rain
[RainShader] render_scene_with_rain called
[RainShader] Rendering scene to texture
[RainShader] Applying rain shader
[RainShader] Setting uniforms
[RainShader] Drawing texture with shader
[RainShader] Ending shader mode
[RainShader] Rain rendering complete
[Engine] Found rain effect, checking if it supports render_scene_with_rain
[Engine] Calling render_scene_with_rain
[RainShader] render_scene_with_rain called
[RainShader] Rendering scene to texture
[RainShader] Applying rain shader
[RainShader] Setting uniforms
[RainShader] Drawing texture with shader
[RainShader] Ending shader mode
[RainShader] Rain rendering complete
[Engine] Found rain effect, checking if it supports render_scene_with_rain
[Engine] Calling render_scene_with_rain
[RainShader] render_scene_with_rain called
[RainShader] Rendering scene to texture
[RainShader] Applying rain shader
[RainShader] Setting uniforms
[RainShader] Drawing texture with shader
[RainShader] Ending shader mode
[RainShader] Rain rendering complete
[Engine] Found rain effect, checking if it supports render_scene_with_rain
[Engine] Calling render_scene_with_rain
[RainShader] render_scene_with_rain called
[RainShader] Rendering scene to texture
[RainShader] Applying rain shader
[RainShader] Setting uniforms
[RainShader] Drawing texture with shader
[RainShader] Ending shader mode
[RainShader] Rain rendering complete
[Engine] Found rain effect, checking if it supports render_scene_with_rain
[Engine] Calling render_scene_with_rain
[RainShader] render_scene_with_rain called
[RainShader] Rendering scene to texture
[RainShader] Applying rain shader
[RainShader] Setting uniforms
[RainShader] Drawing texture with shader
[RainShader] Ending shader mode
[RainShader] Rain rendering complete
[Engine] Found rain effect, checking if it supports render_scene_with_rain
[Engine] Calling render_scene_with_rain
[RainShader] render_scene_with_rain called
[RainShader] Rendering scene to texture
[RainShader] Applying rain shader
[RainShader] Setting uniforms
[RainShader] Drawing texture with shader
[RainShader] Ending shader mode
[RainShader] Rain rendering complete
[Engine] Found rain effect, checking if it supports render_scene_with_rain
[Engine] Calling render_scene_with_rain
[RainShader] render_scene_with_rain called
[RainShader] Rendering scene to texture
[RainShader] Applying rain shader
[RainShader] Setting uniforms
[RainShader] Drawing texture with shader
[RainShader] Ending shader mode
[RainShader] Rain rendering complete
[Engine] Found rain effect, checking if it supports render_scene_with_rain
[Engine] Calling render_scene_with_rain
[RainShader] render_scene_with_rain called
[RainShader] Rendering scene to texture
[RainShader] Applying rain shader
[RainShader] Setting uniforms
[RainShader] Drawing texture with shader
[RainShader] Ending shader mode
[RainShader] Rain rendering complete
[Engine] Found rain effect, checking if it supports render_scene_with_rain
[Engine] Calling render_scene_with_rain
[RainShader] render_scene_with_rain called
[RainShader] Rendering scene to texture
[RainShader] Applying rain shader
[RainShader] Setting uniforms
[RainShader] Drawing texture with shader
[RainShader] Ending shader mode
[RainShader] Rain rendering complete
[Engine] Found rain effect, checking if it supports render_scene_with_rain
[Engine] Calling render_scene_with_rain
[RainShader] render_scene_with_rain called
[RainShader] Rendering scene to texture
[RainShader] Applying rain shader
[RainShader] Setting uniforms
[RainShader] Drawing texture with shader
[RainShader] Ending shader mode
[RainShader] Rain rendering complete
[Engine] Found rain effect, checking if it supports render_scene_with_rain
[Engine] Calling render_scene_with_rain
[RainShader] render_scene_with_rain called
[RainShader] Rendering scene to texture
[RainShader] Applying rain shader
[RainShader] Setting uniforms
[RainShader] Drawing texture with shader
[RainShader] Ending shader mode
[RainShader] Rain rendering complete
[Engine] Found rain effect, checking if it supports render_scene_with_rain
[Engine] Calling render_scene_with_rain
[RainShader] render_scene_with_rain called
[RainShader] Rendering scene to texture
[RainShader] Applying rain shader
[RainShader] Setting uniforms
[RainShader] Drawing texture with shader
[RainShader] Ending shader mode
[RainShader] Rain rendering complete
[Engine] Found rain effect, checking if it supports render_scene_with_rain
[Engine] Calling render_scene_with_rain
[RainShader] render_scene_with_rain called
[RainShader] Rendering scene to texture
[RainShader] Applying rain shader
[RainShader] Setting uniforms
[RainShader] Drawing texture with shader
[RainShader] Ending shader mode
[RainShader] Rain rendering complete
[Engine] Found rain effect, checking if it supports render_scene_with_rain
[Engine] Calling render_scene_with_rain
[RainShader] render_scene_with_rain called
[RainShader] Rendering scene to texture
[RainShader] Applying rain shader
[RainShader] Setting uniforms
[RainShader] Drawing texture with shader
[RainShader] Ending shader mode
[RainShader] Rain rendering complete
[Engine] Found rain effect, checking if it supports render_scene_with_rain
[Engine] Calling render_scene_with_rain
[RainShader] render_scene_with_rain called
[RainShader] Rendering scene to texture
[RainShader] Applying rain shader
[RainShader] Setting uniforms
[RainShader] Drawing texture with shader
[RainShader] Ending shader mode
[RainShader] Rain rendering complete
[Engine] Found rain effect, checking if it supports render_scene_with_rain
[Engine] Calling render_scene_with_rain
[RainShader] render_scene_with_rain called
[RainShader] Rendering scene to texture
[RainShader] Applying rain shader
[RainShader] Setting uniforms
[RainShader] Drawing texture with shader
[RainShader] Ending shader mode
[RainShader] Rain rendering complete
[Engine] Found rain effect, checking if it supports render_scene_with_rain
[Engine] Calling render_scene_with_rain
[RainShader] render_scene_with_rain called
[RainShader] Rendering scene to texture
[RainShader] Applying rain shader
[RainShader] Setting uniforms
[RainShader] Drawing texture with shader
[RainShader] Ending shader mode
[RainShader] Rain rendering complete
[Engine] Found rain effect, checking if it supports render_scene_with_rain
[Engine] Calling render_scene_with_rain
[RainShader] render_scene_with_rain called
[RainShader] Rendering scene to texture
[RainShader] Applying rain shader
[RainShader] Setting uniforms
[RainShader] Drawing texture with shader
[RainShader] Ending shader mode
[RainShader] Rain rendering complete
[Engine] Found rain effect, checking if it supports render_scene_with_rain
[Engine] Calling render_scene_with_rain
[RainShader] render_scene_with_rain called
[RainShader] Rendering scene to texture
[RainShader] Applying rain shader
[RainShader] Setting uniforms
[RainShader] Drawing texture with shader
[RainShader] Ending shader mode
[RainShader] Rain rendering complete
[Engine] Found rain effect, checking if it supports render_scene_with_rain
[Engine] Calling render_scene_with_rain
[RainShader] render_scene_with_rain called
[RainShader] Rendering scene to texture
[RainShader] Applying rain shader
[RainShader] Setting uniforms
[RainShader] Drawing texture with shader
[RainShader] Ending shader mode
[RainShader] Rain rendering complete
[Engine] Found rain effect, checking if it supports render_scene_with_rain
[Engine] Calling render_scene_with_rain
[RainShader] render_scene_with_rain called
[RainShader] Rendering scene to texture
[RainShader] Applying rain shader
[RainShader] Setting uniforms
[RainShader] Drawing texture with shader
[RainShader] Ending shader mode
[RainShader] Rain rendering complete
[Engine] Found rain effect, checking if it supports render_scene_with_rain
[Engine] Calling render_scene_with_rain
[RainShader] render_scene_with_rain called
[RainShader] Rendering scene to texture
[RainShader] Applying rain shader
[RainShader] Setting uniforms
[RainShader] Drawing texture with shader
[RainShader] Ending shader mode
[RainShader] Rain rendering complete
[Engine] Found rain effect, checking if it supports render_scene_with_rain
[Engine] Calling render_scene_with_rain
[RainShader] render_scene_with_rain called
[RainShader] Rendering scene to texture
[RainShader] Applying rain shader
[RainShader] Setting uniforms
[RainShader] Drawing texture with shader
[RainShader] Ending shader mode
[RainShader] Rain rendering complete
[Engine] Found rain effect, checking if it supports render_scene_with_rain
[Engine] Calling render_scene_with_rain
[RainShader] render_scene_with_rain called
[RainShader] Rendering scene to texture
[RainShader] Applying rain shader
[RainShader] Setting uniforms
[RainShader] Drawing texture with shader
[RainShader] Ending shader mode
[RainShader] Rain rendering complete
[Engine] Found rain effect, checking if it supports render_scene_with_rain
[Engine] Calling render_scene_with_rain
[RainShader] render_scene_with_rain called
[RainShader] Rendering scene to texture
[RainShader] Applying rain shader
[RainShader] Setting uniforms
[RainShader] Drawing texture with shader
[RainShader] Ending shader mode
[RainShader] Rain rendering complete
[Engine] Found rain effect, checking if it supports render_scene_with_rain
[Engine] Calling render_scene_with_rain
[RainShader] render_scene_with_rain called
[RainShader] Rendering scene to texture
[RainShader] Applying rain shader
[RainShader] Setting uniforms
[RainShader] Drawing texture with shader
[RainShader] Ending shader mode
[RainShader] Rain rendering complete
[Engine] Found rain effect, checking if it supports render_scene_with_rain
[Engine] Calling render_scene_with_rain
[RainShader] render_scene_with_rain called
[RainShader] Rendering scene to texture
[RainShader] Applying rain shader
[RainShader] Setting uniforms
[RainShader] Drawing texture with shader
[RainShader] Ending shader mode
[RainShader] Rain rendering complete
[Engine] Found rain effect, checking if it supports render_scene_with_rain
[Engine] Calling render_scene_with_rain
[RainShader] render_scene_with_rain called
[RainShader] Rendering scene to texture
[RainShader] Applying rain shader
[RainShader] Setting uniforms
[RainShader] Drawing texture with shader
[RainShader] Ending shader mode
[RainShader] Rain rendering complete
[Engine] Found rain effect, checking if it supports render_scene_with_rain
[Engine] Calling render_scene_with_rain
[RainShader] render_scene_with_rain called
[RainShader] Rendering scene to texture
[RainShader] Applying rain shader
[RainShader] Setting uniforms
[RainShader] Drawing texture with shader
[RainShader] Ending shader mode
[RainShader] Rain rendering complete
[Engine] Found rain effect, checking if it supports render_scene_with_rain
[Engine] Calling render_scene_with_rain
[RainShader] render_scene_with_rain called
[RainShader] Rendering scene to texture
[RainShader] Applying rain shader
[RainShader] Setting uniforms
[RainShader] Drawing texture with shader
[RainShader] Ending shader mode
[RainShader] Rain rendering complete
[Engine] Found rain effect, checking if it supports render_scene_with_rain
[Engine] Calling render_scene_with_rain
[RainShader] render_scene_with_rain called
[RainShader] Rendering scene to texture
[RainShader] Applying rain shader
[RainShader] Setting uniforms
[RainShader] Drawing texture with shader
[RainShader] Ending shader mode
[RainShader] Rain rendering complete
[Engine] Found rain effect, checking if it supports render_scene_with_rain
[Engine] Calling render_scene_with_rain
[RainShader] render_scene_with_rain called
[RainShader] Rendering scene to texture
[RainShader] Applying rain shader
[RainShader] Setting uniforms
[RainShader] Drawing texture with shader
[RainShader] Ending shader mode
[RainShader] Rain rendering complete
[Engine] Found rain effect, checking if it supports render_scene_with_rain
[Engine] Calling render_scene_with_rain
[RainShader] render_scene_with_rain called
[RainShader] Rendering scene to texture
[RainShader] Applying rain shader
[RainShader] Setting uniforms
[RainShader] Drawing texture with shader
[RainShader] Ending shader mode
[RainShader] Rain rendering complete
[Engine] Found rain effect, checking if it supports render_scene_with_rain
[Engine] Calling render_scene_with_rain
[RainShader] render_scene_with_rain called
[RainShader] Rendering scene to texture
[RainShader] Applying rain shader
[RainShader] Setting uniforms
[RainShader] Drawing texture with shader
[RainShader] Ending shader mode
[RainShader] Rain rendering complete
[Engine] Found rain effect, checking if it supports render_scene_with_rain
[Engine] Calling render_scene_with_rain
[RainShader] render_scene_with_rain called
[RainShader] Rendering scene to texture
[RainShader] Applying rain shader
[RainShader] Setting uniforms
[RainShader] Drawing texture with shader
[RainShader] Ending shader mode
[RainShader] Rain rendering complete
[Engine] Found rain effect, checking if it supports render_scene_with_rain
[Engine] Calling render_scene_with_rain
[RainShader] render_scene_with_rain called
[RainShader] Rendering scene to texture
[RainShader] Applying rain shader
[RainShader] Setting uniforms
[RainShader] Drawing texture with shader
[RainShader] Ending shader mode
[RainShader] Rain rendering complete
[Engine] Found rain effect, checking if it supports render_scene_with_rain
[Engine] Calling render_scene_with_rain
[RainShader] render_scene_with_rain called
[RainShader] Rendering scene to texture
[RainShader] Applying rain shader
[RainShader] Setting uniforms
[RainShader] Drawing texture with shader
[RainShader] Ending shader mode
[RainShader] Rain rendering complete
[Engine] Found rain effect, checking if it supports render_scene_with_rain
[Engine] Calling render_scene_with_rain
[RainShader] render_scene_with_rain called
[RainShader] Rendering scene to texture
[RainShader] Applying rain shader
[RainShader] Setting uniforms
[RainShader] Drawing texture with shader
[RainShader] Ending shader mode
[RainShader] Rain rendering complete
[Engine] Found rain effect, checking if it supports render_scene_with_rain
[Engine] Calling render_scene_with_rain
[RainShader] render_scene_with_rain called
[RainShader] Rendering scene to texture
[RainShader] Applying rain shader
[RainShader] Setting uniforms
[RainShader] Drawing texture with shader
[RainShader] Ending shader mode
[RainShader] Rain rendering complete
[Engine] Found rain effect, checking if it supports render_scene_with_rain
[Engine] Calling render_scene_with_rain
[RainShader] render_scene_with_rain called
[RainShader] Rendering scene to texture
[RainShader] Applying rain shader
[RainShader] Setting uniforms
[RainShader] Drawing texture with shader
[RainShader] Ending shader mode
[RainShader] Rain rendering complete
[Engine] Found rain effect, checking if it supports render_scene_with_rain
[Engine] Calling render_scene_with_rain
[RainShader] render_scene_with_rain called
[RainShader] Rendering scene to texture
[RainShader] Applying rain shader
[RainShader] Setting uniforms
[RainShader] Drawing texture with shader
[RainShader] Ending shader mode
[RainShader] Rain rendering complete
[Engine] Found rain effect, checking if it supports render_scene_with_rain
[Engine] Calling render_scene_with_rain
[RainShader] render_scene_with_rain called
[RainShader] Rendering scene to texture
[RainShader] Applying rain shader
[RainShader] Setting uniforms
[RainShader] Drawing texture with shader
[RainShader] Ending shader mode
[RainShader] Rain rendering complete
[Engine] Found rain effect, checking if it supports render_scene_with_rain
[Engine] Calling render_scene_with_rain
[RainShader] render_scene_with_rain called
[RainShader] Rendering scene to texture
[RainShader] Applying rain shader
[RainShader] Setting uniforms
[RainShader] Drawing texture with shader
[RainShader] Ending shader mode
[RainShader] Rain rendering complete
[Engine] Found rain effect, checking if it supports render_scene_with_rain
[Engine] Calling render_scene_with_rain
[RainShader] render_scene_with_rain called
[RainShader] Rendering scene to texture
[RainShader] Applying rain shader
[RainShader] Setting uniforms
[RainShader] Drawing texture with shader
[RainShader] Ending shader mode
[RainShader] Rain rendering complete
[Engine] Found rain effect, checking if it supports render_scene_with_rain
[Engine] Calling render_scene_with_rain
[RainShader] render_scene_with_rain called
[RainShader] Rendering scene to texture
[RainShader] Applying rain shader
[RainShader] Setting uniforms
[RainShader] Drawing texture with shader
[RainShader] Ending shader mode
[RainShader] Rain rendering complete
[Engine] Found rain effect, checking if it supports render_scene_with_rain
[Engine] Calling render_scene_with_rain
[RainShader] render_scene_with_rain called
[RainShader] Rendering scene to texture
[RainShader] Applying rain shader
[RainShader] Setting uniforms
[RainShader] Drawing texture with shader
[RainShader] Ending shader mode
[RainShader] Rain rendering complete
[Engine] Found rain effect, checking if it supports render_scene_with_rain
[Engine] Calling render_scene_with_rain
[RainShader] render_scene_with_rain called
[RainShader] Rendering scene to texture
[RainShader] Applying rain shader
[RainShader] Setting uniforms
[RainShader] Drawing texture with shader
[RainShader] Ending shader mode
[RainShader] Rain rendering complete
[Engine] Found rain effect, checking if it supports render_scene_with_rain
[Engine] Calling render_scene_with_rain
[RainShader] render_scene_with_rain called
[RainShader] Rendering scene to texture
[RainShader] Applying rain shader
[RainShader] Setting uniforms
[RainShader] Drawing texture with shader
[RainShader] Ending shader mode
[RainShader] Rain rendering complete
[Engine] Found rain effect, checking if it supports render_scene_with_rain
[Engine] Calling render_scene_with_rain
[RainShader] render_scene_with_rain called
[RainShader] Rendering scene to texture
[RainShader] Applying rain shader
[RainShader] Setting uniforms
[RainShader] Drawing texture with shader
[RainShader] Ending shader mode
[RainShader] Rain rendering complete
[Engine] Found rain effect, checking if it supports render_scene_with_rain
[Engine] Calling render_scene_with_rain
[RainShader] render_scene_with_rain called
[RainShader] Rendering scene to texture
[RainShader] Applying rain shader
[RainShader] Setting uniforms
[RainShader] Drawing texture with shader
[RainShader] Ending shader mode
[RainShader] Rain rendering complete
[Engine] Found rain effect, checking if it supports render_scene_with_rain
[Engine] Calling render_scene_with_rain
[RainShader] render_scene_with_rain called
[RainShader] Rendering scene to texture
[RainShader] Applying rain shader
[RainShader] Setting uniforms
[RainShader] Drawing texture with shader
[RainShader] Ending shader mode
[RainShader] Rain rendering complete
[Engine] Found rain effect, checking if it supports render_scene_with_rain
[Engine] Calling render_scene_with_rain
[RainShader] render_scene_with_rain called
[RainShader] Rendering scene to texture
[RainShader] Applying rain shader
[RainShader] Setting uniforms
[RainShader] Drawing texture with shader
[RainShader] Ending shader mode
[RainShader] Rain rendering complete
[Engine] Found rain effect, checking if it supports render_scene_with_rain
[Engine] Calling render_scene_with_rain
[RainShader] render_scene_with_rain called
[RainShader] Rendering scene to texture
[RainShader] Applying rain shader
[RainShader] Setting uniforms
[RainShader] Drawing texture with shader
[RainShader] Ending shader mode
[RainShader] Rain rendering complete
[Engine] Found rain effect, checking if it supports render_scene_with_rain
[Engine] Calling render_scene_with_rain
[RainShader] render_scene_with_rain called
[RainShader] Rendering scene to texture
[RainShader] Applying rain shader
[RainShader] Setting uniforms
[RainShader] Drawing texture with shader
[RainShader] Ending shader mode
[RainShader] Rain rendering complete
[Engine] Found rain effect, checking if it supports render_scene_with_rain
[Engine] Calling render_scene_with_rain
[RainShader] render_scene_with_rain called
[RainShader] Rendering scene to texture
[RainShader] Applying rain shader
[RainShader] Setting uniforms
[RainShader] Drawing texture with shader
[RainShader] Ending shader mode
[RainShader] Rain rendering complete
[Engine] Found rain effect, checking if it supports render_scene_with_rain
[Engine] Calling render_scene_with_rain
[RainShader] render_scene_with_rain called
[RainShader] Rendering scene to texture
[RainShader] Applying rain shader
[RainShader] Setting uniforms
[RainShader] Drawing texture with shader
[RainShader] Ending shader mode
[RainShader] Rain rendering complete
[Engine] Found rain effect, checking if it supports render_scene_with_rain
[Engine] Calling render_scene_with_rain
[RainShader] render_scene_with_rain called
[RainShader] Rendering scene to texture
[RainShader] Applying rain shader
[RainShader] Setting uniforms
[RainShader] Drawing texture with shader
[RainShader] Ending shader mode
[RainShader] Rain rendering complete
[Engine] Found rain effect, checking if it supports render_scene_with_rain
[Engine] Calling render_scene_with_rain
[RainShader] render_scene_with_rain called
[RainShader] Rendering scene to texture
[RainShader] Applying rain shader
[RainShader] Setting uniforms
[RainShader] Drawing texture with shader
[RainShader] Ending shader mode
[RainShader] Rain rendering complete
[Engine] Found rain effect, checking if it supports render_scene_with_rain
[Engine] Calling render_scene_with_rain
[RainShader] render_scene_with_rain called
[RainShader] Rendering scene to texture
[RainShader] Applying rain shader
[RainShader] Setting uniforms
[RainShader] Drawing texture with shader
[RainShader] Ending shader mode
[RainShader] Rain rendering complete
[Engine] Found rain effect, checking if it supports render_scene_with_rain
[Engine] Calling render_scene_with_rain
[RainShader] render_scene_with_rain called
[RainShader] Rendering scene to texture
[RainShader] Applying rain shader
[RainShader] Setting uniforms
[RainShader] Drawing texture with shader
[RainShader] Ending shader mode
[RainShader] Rain rendering complete
[Engine] Found rain effect, checking if it supports render_scene_with_rain
[Engine] Calling render_scene_with_rain
[RainShader] render_scene_with_rain called
[RainShader] Rendering scene to texture
[RainShader] Applying rain shader
[RainShader] Setting uniforms
[RainShader] Drawing texture with shader
[RainShader] Ending shader mode
[RainShader] Rain rendering complete
[Engine] Found rain effect, checking if it supports render_scene_with_rain
[Engine] Calling render_scene_with_rain
[RainShader] render_scene_with_rain called
[RainShader] Rendering scene to texture
[RainShader] Applying rain shader
[RainShader] Setting uniforms
[RainShader] Drawing texture with shader
[RainShader] Ending shader mode
[RainShader] Rain rendering complete
[Engine] Found rain effect, checking if it supports render_scene_with_rain
[Engine] Calling render_scene_with_rain
[RainShader] render_scene_with_rain called
[RainShader] Rendering scene to texture
[RainShader] Applying rain shader
[RainShader] Setting uniforms
[RainShader] Drawing texture with shader
[RainShader] Ending shader mode
[RainShader] Rain rendering complete
[Engine] Found rain effect, checking if it supports render_scene_with_rain
[Engine] Calling render_scene_with_rain
[RainShader] render_scene_with_rain called
[RainShader] Rendering scene to texture
[RainShader] Applying rain shader
[RainShader] Setting uniforms
[RainShader] Drawing texture with shader
[RainShader] Ending shader mode
[RainShader] Rain rendering complete
[Engine] Found rain effect, checking if it supports render_scene_with_rain
[Engine] Calling render_scene_with_rain
[RainShader] render_scene_with_rain called
[RainShader] Rendering scene to texture
[RainShader] Applying rain shader
[RainShader] Setting uniforms
[RainShader] Drawing texture with shader
[RainShader] Ending shader mode
[RainShader] Rain rendering complete
[Engine] Found rain effect, checking if it supports render_scene_with_rain
[Engine] Calling render_scene_with_rain
[RainShader] render_scene_with_rain called
[RainShader] Rendering scene to texture
[RainShader] Applying rain shader
[RainShader] Setting uniforms
[RainShader] Drawing texture with shader
[RainShader] Ending shader mode
[RainShader] Rain rendering complete
[Engine] Found rain effect, checking if it supports render_scene_with_rain
[Engine] Calling render_scene_with_rain
[RainShader] render_scene_with_rain called
[RainShader] Rendering scene to texture
[RainShader] Applying rain shader
[RainShader] Setting uniforms
[RainShader] Drawing texture with shader
[RainShader] Ending shader mode
[RainShader] Rain rendering complete
[Engine] Found rain effect, checking if it supports render_scene_with_rain
[Engine] Calling render_scene_with_rain
[RainShader] render_scene_with_rain called
[RainShader] Rendering scene to texture
[RainShader] Applying rain shader
[RainShader] Setting uniforms
[RainShader] Drawing texture with shader
[RainShader] Ending shader mode
[RainShader] Rain rendering complete
[Engine] Found rain effect, checking if it supports render_scene_with_rain
[Engine] Calling render_scene_with_rain
[RainShader] render_scene_with_rain called
[RainShader] Rendering scene to texture
[RainShader] Applying rain shader
[RainShader] Setting uniforms
[RainShader] Drawing texture with shader
[RainShader] Ending shader mode
[RainShader] Rain rendering complete
[Engine] Found rain effect, checking if it supports render_scene_with_rain
[Engine] Calling render_scene_with_rain
[RainShader] render_scene_with_rain called
[RainShader] Rendering scene to texture
[RainShader] Applying rain shader
[RainShader] Setting uniforms
[RainShader] Drawing texture with shader
[RainShader] Ending shader mode
[RainShader] Rain rendering complete
[Engine] Found rain effect, checking if it supports render_scene_with_rain
[Engine] Calling render_scene_with_rain
[RainShader] render_scene_with_rain called
[RainShader] Rendering scene to texture
[RainShader] Applying rain shader
[RainShader] Setting uniforms
[RainShader] Drawing texture with shader
[RainShader] Ending shader mode
[RainShader] Rain rendering complete
[Engine] Found rain effect, checking if it supports render_scene_with_rain
[Engine] Calling render_scene_with_rain
[RainShader] render_scene_with_rain called
[RainShader] Rendering scene to texture
[RainShader] Applying rain shader
[RainShader] Setting uniforms
[RainShader] Drawing texture with shader
[RainShader] Ending shader mode
[RainShader] Rain rendering complete
[Engine] Found rain effect, checking if it supports render_scene_with_rain
[Engine] Calling render_scene_with_rain
[RainShader] render_scene_with_rain called
[RainShader] Rendering scene to texture
[RainShader] Applying rain shader
[RainShader] Setting uniforms
[RainShader] Drawing texture with shader
[RainShader] Ending shader mode
[RainShader] Rain rendering complete
[Engine] Found rain effect, checking if it supports render_scene_with_rain
[Engine] Calling render_scene_with_rain
[RainShader] render_scene_with_rain called
[RainShader] Rendering scene to texture
[RainShader] Applying rain shader
[RainShader] Setting uniforms
[RainShader] Drawing texture with shader
[RainShader] Ending shader mode
[RainShader] Rain rendering complete
[Engine] Found rain effect, checking if it supports render_scene_with_rain
[Engine] Calling render_scene_with_rain
[RainShader] render_scene_with_rain called
[RainShader] Rendering scene to texture
[RainShader] Applying rain shader
[RainShader] Setting uniforms
[RainShader] Drawing texture with shader
[RainShader] Ending shader mode
[RainShader] Rain rendering complete
[Engine] Found rain effect, checking if it supports render_scene_with_rain
[Engine] Calling render_scene_with_rain
[RainShader] render_scene_with_rain called
[RainShader] Rendering scene to texture
[RainShader] Applying rain shader
[RainShader] Setting uniforms
[RainShader] Drawing texture with shader
[RainShader] Ending shader mode
[RainShader] Rain rendering complete
[Engine] Found rain effect, checking if it supports render_scene_with_rain
[Engine] Calling render_scene_with_rain
[RainShader] render_scene_with_rain called
[RainShader] Rendering scene to texture
[RainShader] Applying rain shader
[RainShader] Setting uniforms
[RainShader] Drawing texture with shader
[RainShader] Ending shader mode
[RainShader] Rain rendering complete
[Engine] Found rain effect, checking if it supports render_scene_with_rain
[Engine] Calling render_scene_with_rain
[RainShader] render_scene_with_rain called
[RainShader] Rendering scene to texture
[RainShader] Applying rain shader
[RainShader] Setting uniforms
[RainShader] Drawing texture with shader
[RainShader] Ending shader mode
[RainShader] Rain rendering complete
[Engine] Found rain effect, checking if it supports render_scene_with_rain
[Engine] Calling render_scene_with_rain
[RainShader] render_scene_with_rain called
[RainShader] Rendering scene to texture
[RainShader] Applying rain shader
[RainShader] Setting uniforms
[RainShader] Drawing texture with shader
[RainShader] Ending shader mode
[RainShader] Rain rendering complete
[Engine] Found rain effect, checking if it supports render_scene_with_rain
[Engine] Calling render_scene_with_rain
[RainShader] render_scene_with_rain called
[RainShader] Rendering scene to texture
[RainShader] Applying rain shader
[RainShader] Setting uniforms
[RainShader] Drawing texture with shader
[RainShader] Ending shader mode
[RainShader] Rain rendering complete
[Engine] Found rain effect, checking if it supports render_scene_with_rain
[Engine] Calling render_scene_with_rain
[RainShader] render_scene_with_rain called
[RainShader] Rendering scene to texture
[RainShader] Applying rain shader
[RainShader] Setting uniforms
[RainShader] Drawing texture with shader
[RainShader] Ending shader mode
[RainShader] Rain rendering complete
[Engine] Found rain effect, checking if it supports render_scene_with_rain
[Engine] Calling render_scene_with_rain
[RainShader] render_scene_with_rain called
[RainShader] Rendering scene to texture
[RainShader] Applying rain shader
[RainShader] Setting uniforms
[RainShader] Drawing texture with shader
[RainShader] Ending shader mode
[RainShader] Rain rendering complete
[Engine] Found rain effect, checking if it supports render_scene_with_rain
[Engine] Calling render_scene_with_rain
[RainShader] render_scene_with_rain called
[RainShader] Rendering scene to texture
[RainShader] Applying rain shader
[RainShader] Setting uniforms
[RainShader] Drawing texture with shader
[RainShader] Ending shader mode
[RainShader] Rain rendering complete
[Engine] Found rain effect, checking if it supports render_scene_with_rain
[Engine] Calling render_scene_with_rain
[RainShader] render_scene_with_rain called
[RainShader] Rendering scene to texture
[RainShader] Applying rain shader
[RainShader] Setting uniforms
[RainShader] Drawing texture with shader
[RainShader] Ending shader mode
[RainShader] Rain rendering complete
[Engine] Found rain effect, checking if it supports render_scene_with_rain
[Engine] Calling render_scene_with_rain
[RainShader] render_scene_with_rain called
[RainShader] Rendering scene to texture
[RainShader] Applying rain shader
[RainShader] Setting uniforms
[RainShader] Drawing texture with shader
[RainShader] Ending shader mode
[RainShader] Rain rendering complete
[Engine] Found rain effect, checking if it supports render_scene_with_rain
[Engine] Calling render_scene_with_rain
[RainShader] render_scene_with_rain called
[RainShader] Rendering scene to texture
[RainShader] Applying rain shader
[RainShader] Setting uniforms
[RainShader] Drawing texture with shader
[RainShader] Ending shader mode
[RainShader] Rain rendering complete
[Engine] Found rain effect, checking if it supports render_scene_with_rain
[Engine] Calling render_scene_with_rain
[RainShader] render_scene_with_rain called
[RainShader] Rendering scene to texture
[RainShader] Applying rain shader
[RainShader] Setting uniforms
[RainShader] Drawing texture with shader
[RainShader] Ending shader mode
[RainShader] Rain rendering complete
[Engine] Found rain effect, checking if it supports render_scene_with_rain
[Engine] Calling render_scene_with_rain
[RainShader] render_scene_with_rain called
[RainShader] Rendering scene to texture
[RainShader] Applying rain shader
[RainShader] Setting uniforms
[RainShader] Drawing texture with shader
[RainShader] Ending shader mode
[RainShader] Rain rendering complete
[Engine] Found rain effect, checking if it supports render_scene_with_rain
[Engine] Calling render_scene_with_rain
[RainShader] render_scene_with_rain called
[RainShader] Rendering scene to texture
[RainShader] Applying rain shader
[RainShader] Setting uniforms
[RainShader] Drawing texture with shader
[RainShader] Ending shader mode
[RainShader] Rain rendering complete
[Engine] Found rain effect, checking if it supports render_scene_with_rain
[Engine] Calling render_scene_with_rain
[RainShader] render_scene_with_rain called
[RainShader] Rendering scene to texture
[RainShader] Applying rain shader
[RainShader] Setting uniforms
[RainShader] Drawing texture with shader
[RainShader] Ending shader mode
[RainShader] Rain rendering complete
[Engine] Found rain effect, checking if it supports render_scene_with_rain
[Engine] Calling render_scene_with_rain
[RainShader] render_scene_with_rain called
[RainShader] Rendering scene to texture
[RainShader] Applying rain shader
[RainShader] Setting uniforms
[RainShader] Drawing texture with shader
[RainShader] Ending shader mode
[RainShader] Rain rendering complete
[Engine] Found rain effect, checking if it supports render_scene_with_rain
[Engine] Calling render_scene_with_rain
[RainShader] render_scene_with_rain called
[RainShader] Rendering scene to texture
[RainShader] Applying rain shader
[RainShader] Setting uniforms
[RainShader] Drawing texture with shader
[RainShader] Ending shader mode
[RainShader] Rain rendering complete
[Engine] Found rain effect, checking if it supports render_scene_with_rain
[Engine] Calling render_scene_with_rain
[RainShader] render_scene_with_rain called
[RainShader] Rendering scene to texture
[RainShader] Applying rain shader
[RainShader] Setting uniforms
[RainShader] Drawing texture with shader
[RainShader] Ending shader mode
[RainShader] Rain rendering complete
[Engine] Found rain effect, checking if it supports render_scene_with_rain
[Engine] Calling render_scene_with_rain
[RainShader] render_scene_with_rain called
[RainShader] Rendering scene to texture
[RainShader] Applying rain shader
[RainShader] Setting uniforms
[RainShader] Drawing texture with shader
[RainShader] Ending shader mode
[RainShader] Rain rendering complete
[Engine] Found rain effect, checking if it supports render_scene_with_rain
[Engine] Calling render_scene_with_rain
[RainShader] render_scene_with_rain called
[RainShader] Rendering scene to texture
[RainShader] Applying rain shader
[RainShader] Setting uniforms
[RainShader] Drawing texture with shader
[RainShader] Ending shader mode
[RainShader] Rain rendering complete
[Engine] Found rain effect, checking if it supports render_scene_with_rain
[Engine] Calling render_scene_with_rain
[RainShader] render_scene_with_rain called
[RainShader] Rendering scene to texture
[RainShader] Applying rain shader
[RainShader] Setting uniforms
[RainShader] Drawing texture with shader
[RainShader] Ending shader mode
[RainShader] Rain rendering complete
[Engine] Found rain effect, checking if it supports render_scene_with_rain
[Engine] Calling render_scene_with_rain
[RainShader] render_scene_with_rain called
[RainShader] Rendering scene to texture
[RainShader] Applying rain shader
[RainShader] Setting uniforms
[RainShader] Drawing texture with shader
[RainShader] Ending shader mode
[RainShader] Rain rendering complete
[Engine] Found rain effect, checking if it supports render_scene_with_rain
[Engine] Calling render_scene_with_rain
[RainShader] render_scene_with_rain called
[RainShader] Rendering scene to texture
[RainShader] Applying rain shader
[RainShader] Setting uniforms
[RainShader] Drawing texture with shader
[RainShader] Ending shader mode
[RainShader] Rain rendering complete
[Engine] Found rain effect, checking if it supports render_scene_with_rain
[Engine] Calling render_scene_with_rain
[RainShader] render_scene_with_rain called
[RainShader] Rendering scene to texture
[RainShader] Applying rain shader
[RainShader] Setting uniforms
[RainShader] Drawing texture with shader
[RainShader] Ending shader mode
[RainShader] Rain rendering complete
[Engine] Found rain effect, checking if it supports render_scene_with_rain
[Engine] Calling render_scene_with_rain
[RainShader] render_scene_with_rain called
[RainShader] Rendering scene to texture
[RainShader] Applying rain shader
[RainShader] Setting uniforms
[RainShader] Drawing texture with shader
[RainShader] Ending shader mode
[RainShader] Rain rendering complete
[Engine] Found rain effect, checking if it supports render_scene_with_rain
[Engine] Calling render_scene_with_rain
[RainShader] render_scene_with_rain called
[RainShader] Rendering scene to texture
[RainShader] Applying rain shader
[RainShader] Setting uniforms
[RainShader] Drawing texture with shader
[RainShader] Ending shader mode
[RainShader] Rain rendering complete
[Engine] Found rain effect, checking if it supports render_scene_with_rain
[Engine] Calling render_scene_with_rain
[RainShader] render_scene_with_rain called
[RainShader] Rendering scene to texture
[RainShader] Applying rain shader
[RainShader] Setting uniforms
[RainShader] Drawing texture with shader
[RainShader] Ending shader mode
[RainShader] Rain rendering complete
[Engine] Found rain effect, checking if it supports render_scene_with_rain
[Engine] Calling render_scene_with_rain
[RainShader] render_scene_with_rain called
[RainShader] Rendering scene to texture
[RainShader] Applying rain shader
[RainShader] Setting uniforms
[RainShader] Drawing texture with shader
[RainShader] Ending shader mode
[RainShader] Rain rendering complete
[Engine] Found rain effect, checking if it supports render_scene_with_rain
[Engine] Calling render_scene_with_rain
[RainShader] render_scene_with_rain called
[RainShader] Rendering scene to texture
[RainShader] Applying rain shader
[RainShader] Setting uniforms
[RainShader] Drawing texture with shader
[RainShader] Ending shader mode
[RainShader] Rain rendering complete
[Engine] Found rain effect, checking if it supports render_scene_with_rain
[Engine] Calling render_scene_with_rain
[RainShader] render_scene_with_rain called
[RainShader] Rendering scene to texture
[RainShader] Applying rain shader
[RainShader] Setting uniforms
[RainShader] Drawing texture with shader
[RainShader] Ending shader mode
[RainShader] Rain rendering complete
[Engine] Found rain effect, checking if it supports render_scene_with_rain
[Engine] Calling render_scene_with_rain
[RainShader] render_scene_with_rain called
[RainShader] Rendering scene to texture
[RainShader] Applying rain shader
[RainShader] Setting uniforms
[RainShader] Drawing texture with shader
[RainShader] Ending shader mode
[RainShader] Rain rendering complete
[Engine] Found rain effect, checking if it supports render_scene_with_rain
[Engine] Calling render_scene_with_rain
[RainShader] render_scene_with_rain called
[RainShader] Rendering scene to texture
[RainShader] Applying rain shader
[RainShader] Setting uniforms
[RainShader] Drawing texture with shader
[RainShader] Ending shader mode
[RainShader] Rain rendering complete
[Engine] Found rain effect, checking if it supports render_scene_with_rain
[Engine] Calling render_scene_with_rain
[RainShader] render_scene_with_rain called
[RainShader] Rendering scene to texture
[RainShader] Applying rain shader
[RainShader] Setting uniforms
[RainShader] Drawing texture with shader
[RainShader] Ending shader mode
[RainShader] Rain rendering complete
[Engine] Found rain effect, checking if it supports render_scene_with_rain
[Engine] Calling render_scene_with_rain
[RainShader] render_scene_with_rain called
[RainShader] Rendering scene to texture
[RainShader] Applying rain shader
[RainShader] Setting uniforms
[RainShader] Drawing texture with shader
[RainShader] Ending shader mode
[RainShader] Rain rendering complete
[Engine] Found rain effect, checking if it supports render_scene_with_rain
[Engine] Calling render_scene_with_rain
[RainShader] render_scene_with_rain called
[RainShader] Rendering scene to texture
[RainShader] Applying rain shader
[RainShader] Setting uniforms
[RainShader] Drawing texture with shader
[RainShader] Ending shader mode
[RainShader] Rain rendering complete
[Engine] Found rain effect, checking if it supports render_scene_with_rain
[Engine] Calling render_scene_with_rain
[RainShader] render_scene_with_rain called
[RainShader] Rendering scene to texture
[RainShader] Applying rain shader
[RainShader] Setting uniforms
[RainShader] Drawing texture with shader
[RainShader] Ending shader mode
[RainShader] Rain rendering complete
[Engine] Found rain effect, checking if it supports render_scene_with_rain
[Engine] Calling render_scene_with_rain
[RainShader] render_scene_with_rain called
[RainShader] Rendering scene to texture
[RainShader] Applying rain shader
[RainShader] Setting uniforms
[RainShader] Drawing texture with shader
[RainShader] Ending shader mode
[RainShader] Rain rendering complete
[Engine] Found rain effect, checking if it supports render_scene_with_rain
[Engine] Calling render_scene_with_rain
[RainShader] render_scene_with_rain called
[RainShader] Rendering scene to texture
[RainShader] Applying rain shader
[RainShader] Setting uniforms
[RainShader] Drawing texture with shader
[RainShader] Ending shader mode
[RainShader] Rain rendering complete
[Engine] Found rain effect, checking if it supports render_scene_with_rain
[Engine] Calling render_scene_with_rain
[RainShader] render_scene_with_rain called
[RainShader] Rendering scene to texture
[RainShader] Applying rain shader
[RainShader] Setting uniforms
[RainShader] Drawing texture with shader
[RainShader] Ending shader mode
[RainShader] Rain rendering complete
[Engine] Found rain effect, checking if it supports render_scene_with_rain
[Engine] Calling render_scene_with_rain
[RainShader] render_scene_with_rain called
[RainShader] Rendering scene to texture
[RainShader] Applying rain shader
[RainShader] Setting uniforms
[RainShader] Drawing texture with shader
[RainShader] Ending shader mode
[RainShader] Rain rendering complete
[Engine] Found rain effect, checking if it supports render_scene_with_rain
[Engine] Calling render_scene_with_rain
[RainShader] render_scene_with_rain called
[RainShader] Rendering scene to texture
[RainShader] Applying rain shader
[RainShader] Setting uniforms
[RainShader] Drawing texture with shader
[RainShader] Ending shader mode
[RainShader] Rain rendering complete
[Engine] Found rain effect, checking if it supports render_scene_with_rain
[Engine] Calling render_scene_with_rain
[RainShader] render_scene_with_rain called
[RainShader] Rendering scene to texture
[RainShader] Applying rain shader
[RainShader] Setting uniforms
[RainShader] Drawing texture with shader
[RainShader] Ending shader mode
[RainShader] Rain rendering complete
[Engine] Found rain effect, checking if it supports render_scene_with_rain
[Engine] Calling render_scene_with_rain
[RainShader] render_scene_with_rain called
[RainShader] Rendering scene to texture
[RainShader] Applying rain shader
[RainShader] Setting uniforms
[RainShader] Drawing texture with shader
[RainShader] Ending shader mode
[RainShader] Rain rendering complete
[Engine] Found rain effect, checking if it supports render_scene_with_rain
[Engine] Calling render_scene_with_rain
[RainShader] render_scene_with_rain called
[RainShader] Rendering scene to texture
[RainShader] Applying rain shader
[RainShader] Setting uniforms
[RainShader] Drawing texture with shader
[RainShader] Ending shader mode
[RainShader] Rain rendering complete
[Engine] Found rain effect, checking if it supports render_scene_with_rain
[Engine] Calling render_scene_with_rain
[RainShader] render_scene_with_rain called
[RainShader] Rendering scene to texture
[RainShader] Applying rain shader
[RainShader] Setting uniforms
[RainShader] Drawing texture with shader
[RainShader] Ending shader mode
[RainShader] Rain rendering complete
[Engine] Found rain effect, checking if it supports render_scene_with_rain
[Engine] Calling render_scene_with_rain
[RainShader] render_scene_with_rain called
[RainShader] Rendering scene to texture
[RainShader] Applying rain shader
[RainShader] Setting uniforms
[RainShader] Drawing texture with shader
[RainShader] Ending shader mode
[RainShader] Rain rendering complete
[Engine] Found rain effect, checking if it supports render_scene_with_rain
[Engine] Calling render_scene_with_rain
[RainShader] render_scene_with_rain called
[RainShader] Rendering scene to texture
[RainShader] Applying rain shader
[RainShader] Setting uniforms
[RainShader] Drawing texture with shader
[RainShader] Ending shader mode
[RainShader] Rain rendering complete
[Engine] Found rain effect, checking if it supports render_scene_with_rain
[Engine] Calling render_scene_with_rain
[RainShader] render_scene_with_rain called
[RainShader] Rendering scene to texture
[RainShader] Applying rain shader
[RainShader] Setting uniforms
[RainShader] Drawing texture with shader
[RainShader] Ending shader mode
[RainShader] Rain rendering complete
[Engine] Found rain effect, checking if it supports render_scene_with_rain
[Engine] Calling render_scene_with_rain
[RainShader] render_scene_with_rain called
[RainShader] Rendering scene to texture
[RainShader] Applying rain shader
[RainShader] Setting uniforms
[RainShader] Drawing texture with shader
[RainShader] Ending shader mode
[RainShader] Rain rendering complete
[Engine] Found rain effect, checking if it supports render_scene_with_rain
[Engine] Calling render_scene_with_rain
[RainShader] render_scene_with_rain called
[RainShader] Rendering scene to texture
[RainShader] Applying rain shader
[RainShader] Setting uniforms
[RainShader] Drawing texture with shader
[RainShader] Ending shader mode
[RainShader] Rain rendering complete
[Engine] Found rain effect, checking if it supports render_scene_with_rain
[Engine] Calling render_scene_with_rain
[RainShader] render_scene_with_rain called
[RainShader] Rendering scene to texture
[RainShader] Applying rain shader
[RainShader] Setting uniforms
[RainShader] Drawing texture with shader
[RainShader] Ending shader mode
[RainShader] Rain rendering complete
[Engine] Found rain effect, checking if it supports render_scene_with_rain
[Engine] Calling render_scene_with_rain
[RainShader] render_scene_with_rain called
[RainShader] Rendering scene to texture
[RainShader] Applying rain shader
[RainShader] Setting uniforms
[RainShader] Drawing texture with shader
[RainShader] Ending shader mode
[RainShader] Rain rendering complete
[Engine] Found rain effect, checking if it supports render_scene_with_rain
[Engine] Calling render_scene_with_rain
[RainShader] render_scene_with_rain called
[RainShader] Rendering scene to texture
[RainShader] Applying rain shader
[RainShader] Setting uniforms
[RainShader] Drawing texture with shader
[RainShader] Ending shader mode
[RainShader] Rain rendering complete
[Engine] Found rain effect, checking if it supports render_scene_with_rain
[Engine] Calling render_scene_with_rain
[RainShader] render_scene_with_rain called
[RainShader] Rendering scene to texture
[RainShader] Applying rain shader
[RainShader] Setting uniforms
[RainShader] Drawing texture with shader
[RainShader] Ending shader mode
[RainShader] Rain rendering complete
[Engine] Found rain effect, checking if it supports render_scene_with_rain
[Engine] Calling render_scene_with_rain
[RainShader] render_scene_with_rain called
[RainShader] Rendering scene to texture
[RainShader] Applying rain shader
[RainShader] Setting uniforms
[RainShader] Drawing texture with shader
[RainShader] Ending shader mode
[RainShader] Rain rendering complete
[Engine] Found rain effect, checking if it supports render_scene_with_rain
[Engine] Calling render_scene_with_rain
[RainShader] render_scene_with_rain called
[RainShader] Rendering scene to texture
[RainShader] Applying rain shader
[RainShader] Setting uniforms
[RainShader] Drawing texture with shader
[RainShader] Ending shader mode
[RainShader] Rain rendering complete
[Engine] Found rain effect, checking if it supports render_scene_with_rain
[Engine] Calling render_scene_with_rain
[RainShader] render_scene_with_rain called
[RainShader] Rendering scene to texture
[RainShader] Applying rain shader
[RainShader] Setting uniforms
[RainShader] Drawing texture with shader
[RainShader] Ending shader mode
[RainShader] Rain rendering complete
[Engine] Found rain effect, checking if it supports render_scene_with_rain
[Engine] Calling render_scene_with_rain
[RainShader] render_scene_with_rain called
[RainShader] Rendering scene to texture
[RainShader] Applying rain shader
[RainShader] Setting uniforms
[RainShader] Drawing texture with shader
[RainShader] Ending shader mode
[RainShader] Rain rendering complete
[Engine] Found rain effect, checking if it supports render_scene_with_rain
[Engine] Calling render_scene_with_rain
[RainShader] render_scene_with_rain called
[RainShader] Rendering scene to texture
[RainShader] Applying rain shader
[RainShader] Setting uniforms
[RainShader] Drawing texture with shader
[RainShader] Ending shader mode
[RainShader] Rain rendering complete
[Engine] Found rain effect, checking if it supports render_scene_with_rain
[Engine] Calling render_scene_with_rain
[RainShader] render_scene_with_rain called
[RainShader] Rendering scene to texture
[RainShader] Applying rain shader
[RainShader] Setting uniforms
[RainShader] Drawing texture with shader
[RainShader] Ending shader mode
[RainShader] Rain rendering complete
[Engine] Found rain effect, checking if it supports render_scene_with_rain
[Engine] Calling render_scene_with_rain
[RainShader] render_scene_with_rain called
[RainShader] Rendering scene to texture
[RainShader] Applying rain shader
[RainShader] Setting uniforms
[RainShader] Drawing texture with shader
[RainShader] Ending shader mode
[RainShader] Rain rendering complete
[Engine] Found rain effect, checking if it supports render_scene_with_rain
[Engine] Calling render_scene_with_rain
[RainShader] render_scene_with_rain called
[RainShader] Rendering scene to texture
[RainShader] Applying rain shader
[RainShader] Setting uniforms
[RainShader] Drawing texture with shader
[RainShader] Ending shader mode
[RainShader] Rain rendering complete
[Engine] Found rain effect, checking if it supports render_scene_with_rain
[Engine] Calling render_scene_with_rain
[RainShader] render_scene_with_rain called
[RainShader] Rendering scene to texture
[RainShader] Applying rain shader
[RainShader] Setting uniforms
[RainShader] Drawing texture with shader
[RainShader] Ending shader mode
[RainShader] Rain rendering complete
[Engine] Found rain effect, checking if it supports render_scene_with_rain
[Engine] Calling render_scene_with_rain
[RainShader] render_scene_with_rain called
[RainShader] Rendering scene to texture
[RainShader] Applying rain shader
[RainShader] Setting uniforms
[RainShader] Drawing texture with shader
[RainShader] Ending shader mode
[RainShader] Rain rendering complete
[Engine] Found rain effect, checking if it supports render_scene_with_rain
[Engine] Calling render_scene_with_rain
[RainShader] render_scene_with_rain called
[RainShader] Rendering scene to texture
[RainShader] Applying rain shader
[RainShader] Setting uniforms
[RainShader] Drawing texture with shader
[RainShader] Ending shader mode
[RainShader] Rain rendering complete
[Engine] Found rain effect, checking if it supports render_scene_with_rain
[Engine] Calling render_scene_with_rain
[RainShader] render_scene_with_rain called
[RainShader] Rendering scene to texture
[RainShader] Applying rain shader
[RainShader] Setting uniforms
[RainShader] Drawing texture with shader
[RainShader] Ending shader mode
[RainShader] Rain rendering complete
[Engine] Found rain effect, checking if it supports render_scene_with_rain
[Engine] Calling render_scene_with_rain
[RainShader] render_scene_with_rain called
[RainShader] Rendering scene to texture
[RainShader] Applying rain shader
[RainShader] Setting uniforms
[RainShader] Drawing texture with shader
[RainShader] Ending shader mode
[RainShader] Rain rendering complete
[Engine] Found rain effect, checking if it supports render_scene_with_rain
[Engine] Calling render_scene_with_rain
[RainShader] render_scene_with_rain called
[RainShader] Rendering scene to texture
[RainShader] Applying rain shader
[RainShader] Setting uniforms
[RainShader] Drawing texture with shader
[RainShader] Ending shader mode
[RainShader] Rain rendering complete
[Engine] Found rain effect, checking if it supports render_scene_with_rain
[Engine] Calling render_scene_with_rain
[RainShader] render_scene_with_rain called
[RainShader] Rendering scene to texture
[RainShader] Applying rain shader
[RainShader] Setting uniforms
[RainShader] Drawing texture with shader
[RainShader] Ending shader mode
[RainShader] Rain rendering complete
[Engine] Found rain effect, checking if it supports render_scene_with_rain
[Engine] Calling render_scene_with_rain
[RainShader] render_scene_with_rain called
[RainShader] Rendering scene to texture
[RainShader] Applying rain shader
[RainShader] Setting uniforms
[RainShader] Drawing texture with shader
[RainShader] Ending shader mode
[RainShader] Rain rendering complete
[Engine] Found rain effect, checking if it supports render_scene_with_rain
[Engine] Calling render_scene_with_rain
[RainShader] render_scene_with_rain called
[RainShader] Rendering scene to texture
[RainShader] Applying rain shader
[RainShader] Setting uniforms
[RainShader] Drawing texture with shader
[RainShader] Ending shader mode
[RainShader] Rain rendering complete
[Engine] Found rain effect, checking if it supports render_scene_with_rain
[Engine] Calling render_scene_with_rain
[RainShader] render_scene_with_rain called
[RainShader] Rendering scene to texture
[RainShader] Applying rain shader
[RainShader] Setting uniforms
[RainShader] Drawing texture with shader
[RainShader] Ending shader mode
[RainShader] Rain rendering complete
[Engine] Found rain effect, checking if it supports render_scene_with_rain
[Engine] Calling render_scene_with_rain
[RainShader] render_scene_with_rain called
[RainShader] Rendering scene to texture
[RainShader] Applying rain shader
[RainShader] Setting uniforms
[RainShader] Drawing texture with shader
[RainShader] Ending shader mode
[RainShader] Rain rendering complete
[Engine] Found rain effect, checking if it supports render_scene_with_rain
[Engine] Calling render_scene_with_rain
[RainShader] render_scene_with_rain called
[RainShader] Rendering scene to texture
[RainShader] Applying rain shader
[RainShader] Setting uniforms
[RainShader] Drawing texture with shader
[RainShader] Ending shader mode
[RainShader] Rain rendering complete
[Engine] Found rain effect, checking if it supports render_scene_with_rain
[Engine] Calling render_scene_with_rain
[RainShader] render_scene_with_rain called
[RainShader] Rendering scene to texture
[RainShader] Applying rain shader
[RainShader] Setting uniforms
[RainShader] Drawing texture with shader
[RainShader] Ending shader mode
[RainShader] Rain rendering complete
[Engine] Found rain effect, checking if it supports render_scene_with_rain
[Engine] Calling render_scene_with_rain
[RainShader] render_scene_with_rain called
[RainShader] Rendering scene to texture
[RainShader] Applying rain shader
[RainShader] Setting uniforms
[RainShader] Drawing texture with shader
[RainShader] Ending shader mode
[RainShader] Rain rendering complete
[Engine] Found rain effect, checking if it supports render_scene_with_rain
[Engine] Calling render_scene_with_rain
[RainShader] render_scene_with_rain called
[RainShader] Rendering scene to texture
[RainShader] Applying rain shader
[RainShader] Setting uniforms
[RainShader] Drawing texture with shader
[RainShader] Ending shader mode
[RainShader] Rain rendering complete
[Engine] Found rain effect, checking if it supports render_scene_with_rain
[Engine] Calling render_scene_with_rain
[RainShader] render_scene_with_rain called
[RainShader] Rendering scene to texture
[RainShader] Applying rain shader
[RainShader] Setting uniforms
[RainShader] Drawing texture with shader
[RainShader] Ending shader mode
[RainShader] Rain rendering complete
[Engine] Found rain effect, checking if it supports render_scene_with_rain
[Engine] Calling render_scene_with_rain
[RainShader] render_scene_with_rain called
[RainShader] Rendering scene to texture
[RainShader] Applying rain shader
[RainShader] Setting uniforms
[RainShader] Drawing texture with shader
[RainShader] Ending shader mode
[RainShader] Rain rendering complete
[Engine] Found rain effect, checking if it supports render_scene_with_rain
[Engine] Calling render_scene_with_rain
[RainShader] render_scene_with_rain called
[RainShader] Rendering scene to texture
[RainShader] Applying rain shader
[RainShader] Setting uniforms
[RainShader] Drawing texture with shader
[RainShader] Ending shader mode
[RainShader] Rain rendering complete
[Engine] Found rain effect, checking if it supports render_scene_with_rain
[Engine] Calling render_scene_with_rain
[RainShader] render_scene_with_rain called
[RainShader] Rendering scene to texture
[RainShader] Applying rain shader
[RainShader] Setting uniforms
[RainShader] Drawing texture with shader
[RainShader] Ending shader mode
[RainShader] Rain rendering complete
[Engine] Found rain effect, checking if it supports render_scene_with_rain
[Engine] Calling render_scene_with_rain
[RainShader] render_scene_with_rain called
[RainShader] Rendering scene to texture
[RainShader] Applying rain shader
[RainShader] Setting uniforms
[RainShader] Drawing texture with shader
[RainShader] Ending shader mode
[RainShader] Rain rendering complete
[VerbInput] handle_walk_to - player type: PointClickEngine::Characters::Player
[VerbInput] Player responds to handle_click, calling it
[Engine] Found rain effect, checking if it supports render_scene_with_rain
[Engine] Calling render_scene_with_rain
[RainShader] render_scene_with_rain called
[RainShader] Rendering scene to texture
[RainShader] Applying rain shader
[RainShader] Setting uniforms
[RainShader] Drawing texture with shader
[RainShader] Ending shader mode
[RainShader] Rain rendering complete
[Engine] Found rain effect, checking if it supports render_scene_with_rain
[Engine] Calling render_scene_with_rain
[RainShader] render_scene_with_rain called
[RainShader] Rendering scene to texture
[RainShader] Applying rain shader
[RainShader] Setting uniforms
[RainShader] Drawing texture with shader
[RainShader] Ending shader mode
[RainShader] Rain rendering complete
[Engine] Found rain effect, checking if it supports render_scene_with_rain
[Engine] Calling render_scene_with_rain
[RainShader] render_scene_with_rain called
[RainShader] Rendering scene to texture
[RainShader] Applying rain shader
[RainShader] Setting uniforms
[RainShader] Drawing texture with shader
[RainShader] Ending shader mode
[RainShader] Rain rendering complete
[Engine] Found rain effect, checking if it supports render_scene_with_rain
[Engine] Calling render_scene_with_rain
[RainShader] render_scene_with_rain called
[RainShader] Rendering scene to texture
[RainShader] Applying rain shader
[RainShader] Setting uniforms
[RainShader] Drawing texture with shader
[RainShader] Ending shader mode
[RainShader] Rain rendering complete
[Engine] Found rain effect, checking if it supports render_scene_with_rain
[Engine] Calling render_scene_with_rain
[RainShader] render_scene_with_rain called
[RainShader] Rendering scene to texture
[RainShader] Applying rain shader
[RainShader] Setting uniforms
[RainShader] Drawing texture with shader
[RainShader] Ending shader mode
[RainShader] Rain rendering complete
[Engine] Found rain effect, checking if it supports render_scene_with_rain
[Engine] Calling render_scene_with_rain
[RainShader] render_scene_with_rain called
[RainShader] Rendering scene to texture
[RainShader] Applying rain shader
[RainShader] Setting uniforms
[RainShader] Drawing texture with shader
[RainShader] Ending shader mode
[RainShader] Rain rendering complete
[Engine] Found rain effect, checking if it supports render_scene_with_rain
[Engine] Calling render_scene_with_rain
[RainShader] render_scene_with_rain called
[RainShader] Rendering scene to texture
[RainShader] Applying rain shader
[RainShader] Setting uniforms
[RainShader] Drawing texture with shader
[RainShader] Ending shader mode
[RainShader] Rain rendering complete
[Engine] Found rain effect, checking if it supports render_scene_with_rain
[Engine] Calling render_scene_with_rain
[RainShader] render_scene_with_rain called
[RainShader] Rendering scene to texture
[RainShader] Applying rain shader
[RainShader] Setting uniforms
[RainShader] Drawing texture with shader
[RainShader] Ending shader mode
[RainShader] Rain rendering complete
[Engine] Found rain effect, checking if it supports render_scene_with_rain
[Engine] Calling render_scene_with_rain
[RainShader] render_scene_with_rain called
[RainShader] Rendering scene to texture
[RainShader] Applying rain shader
[RainShader] Setting uniforms
[RainShader] Drawing texture with shader
[RainShader] Ending shader mode
[RainShader] Rain rendering complete
[Engine] Found rain effect, checking if it supports render_scene_with_rain
[Engine] Calling render_scene_with_rain
[RainShader] render_scene_with_rain called
[RainShader] Rendering scene to texture
[RainShader] Applying rain shader
[RainShader] Setting uniforms
[RainShader] Drawing texture with shader
[RainShader] Ending shader mode
[RainShader] Rain rendering complete
[Engine] Found rain effect, checking if it supports render_scene_with_rain
[Engine] Calling render_scene_with_rain
[RainShader] render_scene_with_rain called
[RainShader] Rendering scene to texture
[RainShader] Applying rain shader
[RainShader] Setting uniforms
[RainShader] Drawing texture with shader
[RainShader] Ending shader mode
[RainShader] Rain rendering complete
[Engine] Found rain effect, checking if it supports render_scene_with_rain
[Engine] Calling render_scene_with_rain
[RainShader] render_scene_with_rain called
[RainShader] Rendering scene to texture
[RainShader] Applying rain shader
[RainShader] Setting uniforms
[RainShader] Drawing texture with shader
[RainShader] Ending shader mode
[RainShader] Rain rendering complete
[Engine] Found rain effect, checking if it supports render_scene_with_rain
[Engine] Calling render_scene_with_rain
[RainShader] render_scene_with_rain called
[RainShader] Rendering scene to texture
[RainShader] Applying rain shader
[RainShader] Setting uniforms
[RainShader] Drawing texture with shader
[RainShader] Ending shader mode
[RainShader] Rain rendering complete
[Engine] Found rain effect, checking if it supports render_scene_with_rain
[Engine] Calling render_scene_with_rain
[RainShader] render_scene_with_rain called
[RainShader] Rendering scene to texture
[RainShader] Applying rain shader
[RainShader] Setting uniforms
[RainShader] Drawing texture with shader
[RainShader] Ending shader mode
[RainShader] Rain rendering complete
[Engine] Found rain effect, checking if it supports render_scene_with_rain
[Engine] Calling render_scene_with_rain
[RainShader] render_scene_with_rain called
[RainShader] Rendering scene to texture
[RainShader] Applying rain shader
[RainShader] Setting uniforms
[RainShader] Drawing texture with shader
[RainShader] Ending shader mode
[RainShader] Rain rendering complete
[Engine] Found rain effect, checking if it supports render_scene_with_rain
[Engine] Calling render_scene_with_rain
[RainShader] render_scene_with_rain called
[RainShader] Rendering scene to texture
[RainShader] Applying rain shader
[RainShader] Setting uniforms
[RainShader] Drawing texture with shader
[RainShader] Ending shader mode
[RainShader] Rain rendering complete
[Engine] Found rain effect, checking if it supports render_scene_with_rain
[Engine] Calling render_scene_with_rain
[RainShader] render_scene_with_rain called
[RainShader] Rendering scene to texture
[RainShader] Applying rain shader
[RainShader] Setting uniforms
[RainShader] Drawing texture with shader
[RainShader] Ending shader mode
[RainShader] Rain rendering complete
[Engine] Found rain effect, checking if it supports render_scene_with_rain
[Engine] Calling render_scene_with_rain
[RainShader] render_scene_with_rain called
[RainShader] Rendering scene to texture
[RainShader] Applying rain shader
[RainShader] Setting uniforms
[RainShader] Drawing texture with shader
[RainShader] Ending shader mode
[RainShader] Rain rendering complete
[Engine] Found rain effect, checking if it supports render_scene_with_rain
[Engine] Calling render_scene_with_rain
[RainShader] render_scene_with_rain called
[RainShader] Rendering scene to texture
[RainShader] Applying rain shader
[RainShader] Setting uniforms
[RainShader] Drawing texture with shader
[RainShader] Ending shader mode
[RainShader] Rain rendering complete
[Engine] Found rain effect, checking if it supports render_scene_with_rain
[Engine] Calling render_scene_with_rain
[RainShader] render_scene_with_rain called
[RainShader] Rendering scene to texture
[RainShader] Applying rain shader
[RainShader] Setting uniforms
[RainShader] Drawing texture with shader
[RainShader] Ending shader mode
[RainShader] Rain rendering complete
[Engine] Found rain effect, checking if it supports render_scene_with_rain
[Engine] Calling render_scene_with_rain
[RainShader] render_scene_with_rain called
[RainShader] Rendering scene to texture
[RainShader] Applying rain shader
[RainShader] Setting uniforms
[RainShader] Drawing texture with shader
[RainShader] Ending shader mode
[RainShader] Rain rendering complete
[Engine] Found rain effect, checking if it supports render_scene_with_rain
[Engine] Calling render_scene_with_rain
[RainShader] render_scene_with_rain called
[RainShader] Rendering scene to texture
[RainShader] Applying rain shader
[RainShader] Setting uniforms
[RainShader] Drawing texture with shader
[RainShader] Ending shader mode
[RainShader] Rain rendering complete
[Engine] Found rain effect, checking if it supports render_scene_with_rain
[Engine] Calling render_scene_with_rain
[RainShader] render_scene_with_rain called
[RainShader] Rendering scene to texture
[RainShader] Applying rain shader
[RainShader] Setting uniforms
[RainShader] Drawing texture with shader
[RainShader] Ending shader mode
[RainShader] Rain rendering complete
[Engine] Found rain effect, checking if it supports render_scene_with_rain
[Engine] Calling render_scene_with_rain
[RainShader] render_scene_with_rain called
[RainShader] Rendering scene to texture
[RainShader] Applying rain shader
[RainShader] Setting uniforms
[RainShader] Drawing texture with shader
[RainShader] Ending shader mode
[RainShader] Rain rendering complete
[Engine] Found rain effect, checking if it supports render_scene_with_rain
[Engine] Calling render_scene_with_rain
[RainShader] render_scene_with_rain called
[RainShader] Rendering scene to texture
[RainShader] Applying rain shader
[RainShader] Setting uniforms
[RainShader] Drawing texture with shader
[RainShader] Ending shader mode
[RainShader] Rain rendering complete
[Engine] Found rain effect, checking if it supports render_scene_with_rain
[Engine] Calling render_scene_with_rain
[RainShader] render_scene_with_rain called
[RainShader] Rendering scene to texture
[RainShader] Applying rain shader
[RainShader] Setting uniforms
[RainShader] Drawing texture with shader
[RainShader] Ending shader mode
[RainShader] Rain rendering complete
[Engine] Found rain effect, checking if it supports render_scene_with_rain
[Engine] Calling render_scene_with_rain
[RainShader] render_scene_with_rain called
[RainShader] Rendering scene to texture
[RainShader] Applying rain shader
[RainShader] Setting uniforms
[RainShader] Drawing texture with shader
[RainShader] Ending shader mode
[RainShader] Rain rendering complete
[Engine] Found rain effect, checking if it supports render_scene_with_rain
[Engine] Calling render_scene_with_rain
[RainShader] render_scene_with_rain called
[RainShader] Rendering scene to texture
[RainShader] Applying rain shader
[RainShader] Setting uniforms
[RainShader] Drawing texture with shader
[RainShader] Ending shader mode
[RainShader] Rain rendering complete
[Engine] Found rain effect, checking if it supports render_scene_with_rain
[Engine] Calling render_scene_with_rain
[RainShader] render_scene_with_rain called
[RainShader] Rendering scene to texture
[RainShader] Applying rain shader
[RainShader] Setting uniforms
[RainShader] Drawing texture with shader
[RainShader] Ending shader mode
[RainShader] Rain rendering complete
[Engine] Found rain effect, checking if it supports render_scene_with_rain
[Engine] Calling render_scene_with_rain
[RainShader] render_scene_with_rain called
[RainShader] Rendering scene to texture
[RainShader] Applying rain shader
[RainShader] Setting uniforms
[RainShader] Drawing texture with shader
[RainShader] Ending shader mode
[RainShader] Rain rendering complete
[Engine] Found rain effect, checking if it supports render_scene_with_rain
[Engine] Calling render_scene_with_rain
[RainShader] render_scene_with_rain called
[RainShader] Rendering scene to texture
[RainShader] Applying rain shader
[RainShader] Setting uniforms
[RainShader] Drawing texture with shader
[RainShader] Ending shader mode
[RainShader] Rain rendering complete
[Engine] Found rain effect, checking if it supports render_scene_with_rain
[Engine] Calling render_scene_with_rain
[RainShader] render_scene_with_rain called
[RainShader] Rendering scene to texture
[RainShader] Applying rain shader
[RainShader] Setting uniforms
[RainShader] Drawing texture with shader
[RainShader] Ending shader mode
[RainShader] Rain rendering complete
[Engine] Found rain effect, checking if it supports render_scene_with_rain
[Engine] Calling render_scene_with_rain
[RainShader] render_scene_with_rain called
[RainShader] Rendering scene to texture
[RainShader] Applying rain shader
[RainShader] Setting uniforms
[RainShader] Drawing texture with shader
[RainShader] Ending shader mode
[RainShader] Rain rendering complete
[Engine] Found rain effect, checking if it supports render_scene_with_rain
[Engine] Calling render_scene_with_rain
[RainShader] render_scene_with_rain called
[RainShader] Rendering scene to texture
[RainShader] Applying rain shader
[RainShader] Setting uniforms
[RainShader] Drawing texture with shader
[RainShader] Ending shader mode
[RainShader] Rain rendering complete
[Engine] Found rain effect, checking if it supports render_scene_with_rain
[Engine] Calling render_scene_with_rain
[RainShader] render_scene_with_rain called
[RainShader] Rendering scene to texture
[RainShader] Applying rain shader
[RainShader] Setting uniforms
[RainShader] Drawing texture with shader
[RainShader] Ending shader mode
[RainShader] Rain rendering complete
[Engine] Found rain effect, checking if it supports render_scene_with_rain
[Engine] Calling render_scene_with_rain
[RainShader] render_scene_with_rain called
[RainShader] Rendering scene to texture
[RainShader] Applying rain shader
[RainShader] Setting uniforms
[RainShader] Drawing texture with shader
[RainShader] Ending shader mode
[RainShader] Rain rendering complete
[Engine] Found rain effect, checking if it supports render_scene_with_rain
[Engine] Calling render_scene_with_rain
[RainShader] render_scene_with_rain called
[RainShader] Rendering scene to texture
[RainShader] Applying rain shader
[RainShader] Setting uniforms
[RainShader] Drawing texture with shader
[RainShader] Ending shader mode
[RainShader] Rain rendering complete
[Engine] Found rain effect, checking if it supports render_scene_with_rain
[Engine] Calling render_scene_with_rain
[RainShader] render_scene_with_rain called
[RainShader] Rendering scene to texture
[RainShader] Applying rain shader
[RainShader] Setting uniforms
[RainShader] Drawing texture with shader
[RainShader] Ending shader mode
[RainShader] Rain rendering complete
[Engine] Found rain effect, checking if it supports render_scene_with_rain
[Engine] Calling render_scene_with_rain
[RainShader] render_scene_with_rain called
[RainShader] Rendering scene to texture
[RainShader] Applying rain shader
[RainShader] Setting uniforms
[RainShader] Drawing texture with shader
[RainShader] Ending shader mode
[RainShader] Rain rendering complete
[Engine] Found rain effect, checking if it supports render_scene_with_rain
[Engine] Calling render_scene_with_rain
[RainShader] render_scene_with_rain called
[RainShader] Rendering scene to texture
[RainShader] Applying rain shader
[RainShader] Setting uniforms
[RainShader] Drawing texture with shader
[RainShader] Ending shader mode
[RainShader] Rain rendering complete
[Engine] Found rain effect, checking if it supports render_scene_with_rain
[Engine] Calling render_scene_with_rain
[RainShader] render_scene_with_rain called
[RainShader] Rendering scene to texture
[RainShader] Applying rain shader
[RainShader] Setting uniforms
[RainShader] Drawing texture with shader
[RainShader] Ending shader mode
[RainShader] Rain rendering complete
[Engine] Found rain effect, checking if it supports render_scene_with_rain
[Engine] Calling render_scene_with_rain
[RainShader] render_scene_with_rain called
[RainShader] Rendering scene to texture
[RainShader] Applying rain shader
[RainShader] Setting uniforms
[RainShader] Drawing texture with shader
[RainShader] Ending shader mode
[RainShader] Rain rendering complete
[Engine] Found rain effect, checking if it supports render_scene_with_rain
[Engine] Calling render_scene_with_rain
[RainShader] render_scene_with_rain called
[RainShader] Rendering scene to texture
[RainShader] Applying rain shader
[RainShader] Setting uniforms
[RainShader] Drawing texture with shader
[RainShader] Ending shader mode
[RainShader] Rain rendering complete
[Engine] Found rain effect, checking if it supports render_scene_with_rain
[Engine] Calling render_scene_with_rain
[RainShader] render_scene_with_rain called
[RainShader] Rendering scene to texture
[RainShader] Applying rain shader
[RainShader] Setting uniforms
[RainShader] Drawing texture with shader
[RainShader] Ending shader mode
[RainShader] Rain rendering complete
[Engine] Found rain effect, checking if it supports render_scene_with_rain
[Engine] Calling render_scene_with_rain
[RainShader] render_scene_with_rain called
[RainShader] Rendering scene to texture
[RainShader] Applying rain shader
[RainShader] Setting uniforms
[RainShader] Drawing texture with shader
[RainShader] Ending shader mode
[RainShader] Rain rendering complete
[Engine] Found rain effect, checking if it supports render_scene_with_rain
[Engine] Calling render_scene_with_rain
[RainShader] render_scene_with_rain called
[RainShader] Rendering scene to texture
[RainShader] Applying rain shader
[RainShader] Setting uniforms
[RainShader] Drawing texture with shader
[RainShader] Ending shader mode
[RainShader] Rain rendering complete
[Engine] Found rain effect, checking if it supports render_scene_with_rain
[Engine] Calling render_scene_with_rain
[RainShader] render_scene_with_rain called
[RainShader] Rendering scene to texture
[RainShader] Applying rain shader
[RainShader] Setting uniforms
[RainShader] Drawing texture with shader
[RainShader] Ending shader mode
[RainShader] Rain rendering complete
[Engine] Found rain effect, checking if it supports render_scene_with_rain
[Engine] Calling render_scene_with_rain
[RainShader] render_scene_with_rain called
[RainShader] Rendering scene to texture
[RainShader] Applying rain shader
[RainShader] Setting uniforms
[RainShader] Drawing texture with shader
[RainShader] Ending shader mode
[RainShader] Rain rendering complete
[Engine] Found rain effect, checking if it supports render_scene_with_rain
[Engine] Calling render_scene_with_rain
[RainShader] render_scene_with_rain called
[RainShader] Rendering scene to texture
[RainShader] Applying rain shader
[RainShader] Setting uniforms
[RainShader] Drawing texture with shader
[RainShader] Ending shader mode
[RainShader] Rain rendering complete
[Engine] Found rain effect, checking if it supports render_scene_with_rain
[Engine] Calling render_scene_with_rain
[RainShader] render_scene_with_rain called
[RainShader] Rendering scene to texture
[RainShader] Applying rain shader
[RainShader] Setting uniforms
[RainShader] Drawing texture with shader
[RainShader] Ending shader mode
[RainShader] Rain rendering complete
[Engine] Found rain effect, checking if it supports render_scene_with_rain
[Engine] Calling render_scene_with_rain
[RainShader] render_scene_with_rain called
[RainShader] Rendering scene to texture
[RainShader] Applying rain shader
[RainShader] Setting uniforms
[RainShader] Drawing texture with shader
[RainShader] Ending shader mode
[RainShader] Rain rendering complete
[Engine] Found rain effect, checking if it supports render_scene_with_rain
[Engine] Calling render_scene_with_rain
[RainShader] render_scene_with_rain called
[RainShader] Rendering scene to texture
[RainShader] Applying rain shader
[RainShader] Setting uniforms
[RainShader] Drawing texture with shader
[RainShader] Ending shader mode
[RainShader] Rain rendering complete
[Engine] Found rain effect, checking if it supports render_scene_with_rain
[Engine] Calling render_scene_with_rain
[RainShader] render_scene_with_rain called
[RainShader] Rendering scene to texture
[RainShader] Applying rain shader
[RainShader] Setting uniforms
[RainShader] Drawing texture with shader
[RainShader] Ending shader mode
[RainShader] Rain rendering complete
[Engine] Found rain effect, checking if it supports render_scene_with_rain
[Engine] Calling render_scene_with_rain
[RainShader] render_scene_with_rain called
[RainShader] Rendering scene to texture
[RainShader] Applying rain shader
[RainShader] Setting uniforms
[RainShader] Drawing texture with shader
[RainShader] Ending shader mode
[RainShader] Rain rendering complete
[Engine] Found rain effect, checking if it supports render_scene_with_rain
[Engine] Calling render_scene_with_rain
[RainShader] render_scene_with_rain called
[RainShader] Rendering scene to texture
[RainShader] Applying rain shader
[RainShader] Setting uniforms
[RainShader] Drawing texture with shader
[RainShader] Ending shader mode
[RainShader] Rain rendering complete
[Engine] Found rain effect, checking if it supports render_scene_with_rain
[Engine] Calling render_scene_with_rain
[RainShader] render_scene_with_rain called
[RainShader] Rendering scene to texture
[RainShader] Applying rain shader
[RainShader] Setting uniforms
[RainShader] Drawing texture with shader
[RainShader] Ending shader mode
[RainShader] Rain rendering complete
[Engine] Found rain effect, checking if it supports render_scene_with_rain
[Engine] Calling render_scene_with_rain
[RainShader] render_scene_with_rain called
[RainShader] Rendering scene to texture
[RainShader] Applying rain shader
[RainShader] Setting uniforms
[RainShader] Drawing texture with shader
[RainShader] Ending shader mode
[RainShader] Rain rendering complete
[Engine] Found rain effect, checking if it supports render_scene_with_rain
[Engine] Calling render_scene_with_rain
[RainShader] render_scene_with_rain called
[RainShader] Rendering scene to texture
[RainShader] Applying rain shader
[RainShader] Setting uniforms
[RainShader] Drawing texture with shader
[RainShader] Ending shader mode
[RainShader] Rain rendering complete
[Engine] Found rain effect, checking if it supports render_scene_with_rain
[Engine] Calling render_scene_with_rain
[RainShader] render_scene_with_rain called
[RainShader] Rendering scene to texture
[RainShader] Applying rain shader
[RainShader] Setting uniforms
[RainShader] Drawing texture with shader
[RainShader] Ending shader mode
[RainShader] Rain rendering complete
[Engine] Found rain effect, checking if it supports render_scene_with_rain
[Engine] Calling render_scene_with_rain
[RainShader] render_scene_with_rain called
[RainShader] Rendering scene to texture
[RainShader] Applying rain shader
[RainShader] Setting uniforms
[RainShader] Drawing texture with shader
[RainShader] Ending shader mode
[RainShader] Rain rendering complete
[Engine] Found rain effect, checking if it supports render_scene_with_rain
[Engine] Calling render_scene_with_rain
[RainShader] render_scene_with_rain called
[RainShader] Rendering scene to texture
[RainShader] Applying rain shader
[RainShader] Setting uniforms
[RainShader] Drawing texture with shader
[RainShader] Ending shader mode
[RainShader] Rain rendering complete
[Engine] Found rain effect, checking if it supports render_scene_with_rain
[Engine] Calling render_scene_with_rain
[RainShader] render_scene_with_rain called
[RainShader] Rendering scene to texture
[RainShader] Applying rain shader
[RainShader] Setting uniforms
[RainShader] Drawing texture with shader
[RainShader] Ending shader mode
[RainShader] Rain rendering complete
[Engine] Found rain effect, checking if it supports render_scene_with_rain
[Engine] Calling render_scene_with_rain
[RainShader] render_scene_with_rain called
[RainShader] Rendering scene to texture
[RainShader] Applying rain shader
[RainShader] Setting uniforms
[RainShader] Drawing texture with shader
[RainShader] Ending shader mode
[RainShader] Rain rendering complete
[Engine] Found rain effect, checking if it supports render_scene_with_rain
[Engine] Calling render_scene_with_rain
[RainShader] render_scene_with_rain called
[RainShader] Rendering scene to texture
[RainShader] Applying rain shader
[RainShader] Setting uniforms
[RainShader] Drawing texture with shader
[RainShader] Ending shader mode
[RainShader] Rain rendering complete
[Engine] Found rain effect, checking if it supports render_scene_with_rain
[Engine] Calling render_scene_with_rain
[RainShader] render_scene_with_rain called
[RainShader] Rendering scene to texture
[RainShader] Applying rain shader
[RainShader] Setting uniforms
[RainShader] Drawing texture with shader
[RainShader] Ending shader mode
[RainShader] Rain rendering complete
[Engine] Found rain effect, checking if it supports render_scene_with_rain
[Engine] Calling render_scene_with_rain
[RainShader] render_scene_with_rain called
[RainShader] Rendering scene to texture
[RainShader] Applying rain shader
[RainShader] Setting uniforms
[RainShader] Drawing texture with shader
[RainShader] Ending shader mode
[RainShader] Rain rendering complete
[Engine] Found rain effect, checking if it supports render_scene_with_rain
[Engine] Calling render_scene_with_rain
[RainShader] render_scene_with_rain called
[RainShader] Rendering scene to texture
[RainShader] Applying rain shader
[RainShader] Setting uniforms
[RainShader] Drawing texture with shader
[RainShader] Ending shader mode
[RainShader] Rain rendering complete
[Engine] Found rain effect, checking if it supports render_scene_with_rain
[Engine] Calling render_scene_with_rain
[RainShader] render_scene_with_rain called
[RainShader] Rendering scene to texture
[RainShader] Applying rain shader
[RainShader] Setting uniforms
[RainShader] Drawing texture with shader
[RainShader] Ending shader mode
[RainShader] Rain rendering complete
[Engine] Found rain effect, checking if it supports render_scene_with_rain
[Engine] Calling render_scene_with_rain
[RainShader] render_scene_with_rain called
[RainShader] Rendering scene to texture
[RainShader] Applying rain shader
[RainShader] Setting uniforms
[RainShader] Drawing texture with shader
[RainShader] Ending shader mode
[RainShader] Rain rendering complete
[Engine] Found rain effect, checking if it supports render_scene_with_rain
[Engine] Calling render_scene_with_rain
[RainShader] render_scene_with_rain called
[RainShader] Rendering scene to texture
[RainShader] Applying rain shader
[RainShader] Setting uniforms
[RainShader] Drawing texture with shader
[RainShader] Ending shader mode
[RainShader] Rain rendering complete
[Engine] Found rain effect, checking if it supports render_scene_with_rain
[Engine] Calling render_scene_with_rain
[RainShader] render_scene_with_rain called
[RainShader] Rendering scene to texture
[RainShader] Applying rain shader
[RainShader] Setting uniforms
[RainShader] Drawing texture with shader
[RainShader] Ending shader mode
[RainShader] Rain rendering complete
[Engine] Found rain effect, checking if it supports render_scene_with_rain
[Engine] Calling render_scene_with_rain
[RainShader] render_scene_with_rain called
[RainShader] Rendering scene to texture
[RainShader] Applying rain shader
[RainShader] Setting uniforms
[RainShader] Drawing texture with shader
[RainShader] Ending shader mode
[RainShader] Rain rendering complete
[Engine] Found rain effect, checking if it supports render_scene_with_rain
[Engine] Calling render_scene_with_rain
[RainShader] render_scene_with_rain called
[RainShader] Rendering scene to texture
[RainShader] Applying rain shader
[RainShader] Setting uniforms
[RainShader] Drawing texture with shader
[RainShader] Ending shader mode
[RainShader] Rain rendering complete
[Engine] Found rain effect, checking if it supports render_scene_with_rain
[Engine] Calling render_scene_with_rain
[RainShader] render_scene_with_rain called
[RainShader] Rendering scene to texture
[RainShader] Applying rain shader
[RainShader] Setting uniforms
[RainShader] Drawing texture with shader
[RainShader] Ending shader mode
[RainShader] Rain rendering complete
[Engine] Found rain effect, checking if it supports render_scene_with_rain
[Engine] Calling render_scene_with_rain
[RainShader] render_scene_with_rain called
[RainShader] Rendering scene to texture
[RainShader] Applying rain shader
[RainShader] Setting uniforms
[RainShader] Drawing texture with shader
[RainShader] Ending shader mode
[RainShader] Rain rendering complete
[Engine] Found rain effect, checking if it supports render_scene_with_rain
[Engine] Calling render_scene_with_rain
[RainShader] render_scene_with_rain called
[RainShader] Rendering scene to texture
[RainShader] Applying rain shader
[RainShader] Setting uniforms
[RainShader] Drawing texture with shader
[RainShader] Ending shader mode
[RainShader] Rain rendering complete
[Engine] Found rain effect, checking if it supports render_scene_with_rain
[Engine] Calling render_scene_with_rain
[RainShader] render_scene_with_rain called
[RainShader] Rendering scene to texture
[RainShader] Applying rain shader
[RainShader] Setting uniforms
[RainShader] Drawing texture with shader
[RainShader] Ending shader mode
[RainShader] Rain rendering complete
[Engine] Found rain effect, checking if it supports render_scene_with_rain
[Engine] Calling render_scene_with_rain
[RainShader] render_scene_with_rain called
[RainShader] Rendering scene to texture
[RainShader] Applying rain shader
[RainShader] Setting uniforms
[RainShader] Drawing texture with shader
[RainShader] Ending shader mode
[RainShader] Rain rendering complete
[Engine] Found rain effect, checking if it supports render_scene_with_rain
[Engine] Calling render_scene_with_rain
[RainShader] render_scene_with_rain called
[RainShader] Rendering scene to texture
[RainShader] Applying rain shader
[RainShader] Setting uniforms
[RainShader] Drawing texture with shader
[RainShader] Ending shader mode
[RainShader] Rain rendering complete
[Engine] Found rain effect, checking if it supports render_scene_with_rain
[Engine] Calling render_scene_with_rain
[RainShader] render_scene_with_rain called
[RainShader] Rendering scene to texture
[RainShader] Applying rain shader
[RainShader] Setting uniforms
[RainShader] Drawing texture with shader
[RainShader] Ending shader mode
[RainShader] Rain rendering complete
[Engine] Found rain effect, checking if it supports render_scene_with_rain
[Engine] Calling render_scene_with_rain
[RainShader] render_scene_with_rain called
[RainShader] Rendering scene to texture
[RainShader] Applying rain shader
[RainShader] Setting uniforms
[RainShader] Drawing texture with shader
[RainShader] Ending shader mode
[RainShader] Rain rendering complete
[Engine] Found rain effect, checking if it supports render_scene_with_rain
[Engine] Calling render_scene_with_rain
[RainShader] render_scene_with_rain called
[RainShader] Rendering scene to texture
[RainShader] Applying rain shader
[RainShader] Setting uniforms
[RainShader] Drawing texture with shader
[RainShader] Ending shader mode
[RainShader] Rain rendering complete
[Engine] Found rain effect, checking if it supports render_scene_with_rain
[Engine] Calling render_scene_with_rain
[RainShader] render_scene_with_rain called
[RainShader] Rendering scene to texture
[RainShader] Applying rain shader
[RainShader] Setting uniforms
[RainShader] Drawing texture with shader
[RainShader] Ending shader mode
[RainShader] Rain rendering complete
[Engine] Found rain effect, checking if it supports render_scene_with_rain
[Engine] Calling render_scene_with_rain
[RainShader] render_scene_with_rain called
[RainShader] Rendering scene to texture
[RainShader] Applying rain shader
[RainShader] Setting uniforms
[RainShader] Drawing texture with shader
[RainShader] Ending shader mode
[RainShader] Rain rendering complete
[Engine] Found rain effect, checking if it supports render_scene_with_rain
[Engine] Calling render_scene_with_rain
[RainShader] render_scene_with_rain called
[RainShader] Rendering scene to texture
[RainShader] Applying rain shader
[RainShader] Setting uniforms
[RainShader] Drawing texture with shader
[RainShader] Ending shader mode
[RainShader] Rain rendering complete
[Engine] Found rain effect, checking if it supports render_scene_with_rain
[Engine] Calling render_scene_with_rain
[RainShader] render_scene_with_rain called
[RainShader] Rendering scene to texture
[RainShader] Applying rain shader
[RainShader] Setting uniforms
[RainShader] Drawing texture with shader
[RainShader] Ending shader mode
[RainShader] Rain rendering complete
[Engine] Found rain effect, checking if it supports render_scene_with_rain
[Engine] Calling render_scene_with_rain
[RainShader] render_scene_with_rain called
[RainShader] Rendering scene to texture
[RainShader] Applying rain shader
[RainShader] Setting uniforms
[RainShader] Drawing texture with shader
[RainShader] Ending shader mode
[RainShader] Rain rendering complete
[Engine] Found rain effect, checking if it supports render_scene_with_rain
[Engine] Calling render_scene_with_rain
[RainShader] render_scene_with_rain called
[RainShader] Rendering scene to texture
[RainShader] Applying rain shader
[RainShader] Setting uniforms
[RainShader] Drawing texture with shader
[RainShader] Ending shader mode
[RainShader] Rain rendering complete
[Engine] Found rain effect, checking if it supports render_scene_with_rain
[Engine] Calling render_scene_with_rain
[RainShader] render_scene_with_rain called
[RainShader] Rendering scene to texture
[RainShader] Applying rain shader
[RainShader] Setting uniforms
[RainShader] Drawing texture with shader
[RainShader] Ending shader mode
[RainShader] Rain rendering complete
[Engine] Found rain effect, checking if it supports render_scene_with_rain
[Engine] Calling render_scene_with_rain
[RainShader] render_scene_with_rain called
[RainShader] Rendering scene to texture
[RainShader] Applying rain shader
[RainShader] Setting uniforms
[RainShader] Drawing texture with shader
[RainShader] Ending shader mode
[RainShader] Rain rendering complete
[Engine] Found rain effect, checking if it supports render_scene_with_rain
[Engine] Calling render_scene_with_rain
[RainShader] render_scene_with_rain called
[RainShader] Rendering scene to texture
[RainShader] Applying rain shader
[RainShader] Setting uniforms
[RainShader] Drawing texture with shader
[RainShader] Ending shader mode
[RainShader] Rain rendering complete
[Engine] Found rain effect, checking if it supports render_scene_with_rain
[Engine] Calling render_scene_with_rain
[RainShader] render_scene_with_rain called
[RainShader] Rendering scene to texture
[RainShader] Applying rain shader
[RainShader] Setting uniforms
[RainShader] Drawing texture with shader
[RainShader] Ending shader mode
[RainShader] Rain rendering complete
INFO: STREAM: Unloaded audio stream data from RAM
INFO: STREAM: Unloaded audio stream data from RAM
INFO: STREAM: Unloaded audio stream data from RAM
INFO: AUDIO: Device closed successfully
INFO: SHADER: [ID 6] Unloaded shader program data from VRAM (GPU)
INFO: SHADER: [ID 7] Unloaded shader program data from VRAM (GPU)
INFO: TEXTURE: [ID 2] Unloaded texture data from VRAM (GPU)
INFO: SHADER: [ID 3] Default shader unloaded successfully
INFO: TEXTURE: [ID 1] Default texture unloaded successfully
INFO: Window closed successfully
